<?xml version="1.0" encoding="UTF-8" standalone="no" ?><paramFile fileCode="07020101"><plot><timesteps>25</timesteps><rt_timestep>0</rt_timestep><randomSeed>0</randomSeed><yearsPerTimestep>1.0</yearsPerTimestep><plot_lenX>300.0</plot_lenX><plot_lenY>300.0</plot_lenY><plot_latitude>36.56</plot_latitude><plot_precip_mm_yr>0.0</plot_precip_mm_yr><plot_seasonal_precipitation>0.0</plot_seasonal_precipitation><plot_water_deficit>0.0</plot_water_deficit><plot_temp_C>0.0</plot_temp_C><plot_n_dep>0.0</plot_n_dep><plot_title>BBBFromScratch</plot_title></plot><trees><tr_speciesList><tr_species speciesName="ABCO"/><tr_species speciesName="ABMA"/><tr_species speciesName="CADE"/><tr_species speciesName="PICO"/><tr_species speciesName="PIJE"/><tr_species speciesName="PILA"/><tr_species speciesName="PIMO"/><tr_species speciesName="PIPO"/><tr_species speciesName="QUCH"/><tr_species speciesName="QUKE"/></tr_speciesList><tr_seedDiam10Cm>0.02</tr_seedDiam10Cm><tr_minAdultDBH><tr_madVal species="ABCO">23.0</tr_madVal><tr_madVal species="ABMA">23.0</tr_madVal><tr_madVal species="CADE">15.0</tr_madVal><tr_madVal species="PICO">21.0</tr_madVal><tr_madVal species="PIJE">21.0</tr_madVal><tr_madVal species="PILA">30.0</tr_madVal><tr_madVal species="PIMO">16.0</tr_madVal><tr_madVal species="PIPO">22.0</tr_madVal><tr_madVal species="QUCH">10.0</tr_madVal><tr_madVal species="QUKE">14.0</tr_madVal></tr_minAdultDBH><tr_maxSeedlingHeight><tr_mshVal species="ABCO">1.35</tr_mshVal><tr_mshVal species="ABMA">1.35</tr_mshVal><tr_mshVal species="CADE">1.35</tr_mshVal><tr_mshVal species="PICO">1.35</tr_mshVal><tr_mshVal species="PIJE">1.35</tr_mshVal><tr_mshVal species="PILA">1.35</tr_mshVal><tr_mshVal species="PIMO">1.35</tr_mshVal><tr_mshVal species="PIPO">1.35</tr_mshVal><tr_mshVal species="QUCH">1.35</tr_mshVal><tr_mshVal species="QUKE">1.35</tr_mshVal></tr_maxSeedlingHeight></trees><behaviorList><behavior><behaviorName>QuadratLight</behaviorName><version>1.0</version><listPosition>1</listPosition><applyTo species="ABCO" type="Seedling"/><applyTo species="ABMA" type="Seedling"/><applyTo species="CADE" type="Seedling"/><applyTo species="PICO" type="Seedling"/><applyTo species="PIJE" type="Seedling"/><applyTo species="PILA" type="Seedling"/><applyTo species="PIMO" type="Seedling"/><applyTo species="PIPO" type="Seedling"/><applyTo species="QUCH" type="Seedling"/><applyTo species="QUKE" type="Seedling"/></behavior><behavior><behaviorName>SailLight</behaviorName><version>1.0</version><listPosition>2</listPosition><applyTo species="ABCO" type="Sapling"/><applyTo species="ABCO" type="Adult"/><applyTo species="ABMA" type="Sapling"/><applyTo species="ABMA" type="Adult"/><applyTo species="CADE" type="Sapling"/><applyTo species="CADE" type="Adult"/><applyTo species="PICO" type="Sapling"/><applyTo species="PICO" type="Adult"/><applyTo species="PIJE" type="Sapling"/><applyTo species="PIJE" type="Adult"/><applyTo species="PILA" type="Sapling"/><applyTo species="PILA" type="Adult"/><applyTo species="PIMO" type="Sapling"/><applyTo species="PIMO" type="Adult"/><applyTo species="PIPO" type="Sapling"/><applyTo species="PIPO" type="Adult"/><applyTo species="QUCH" type="Sapling"/><applyTo species="QUCH" type="Adult"/><applyTo species="QUKE" type="Sapling"/><applyTo species="QUKE" type="Adult"/></behavior><behavior><behaviorName>NCIMasterGrowth</behaviorName><version>3.0</version><listPosition>3</listPosition><applyTo species="ABCO" type="Seedling"/><applyTo species="ABCO" type="Sapling"/><applyTo species="ABCO" type="Adult"/><applyTo species="ABMA" type="Seedling"/><applyTo species="ABMA" type="Sapling"/><applyTo species="ABMA" type="Adult"/><applyTo species="CADE" type="Seedling"/><applyTo species="CADE" type="Sapling"/><applyTo species="CADE" type="Adult"/><applyTo species="PICO" type="Seedling"/><applyTo species="PICO" type="Sapling"/><applyTo species="PICO" type="Adult"/><applyTo species="PIJE" type="Seedling"/><applyTo species="PIJE" type="Sapling"/><applyTo species="PIJE" type="Adult"/><applyTo species="PILA" type="Seedling"/><applyTo species="PILA" type="Sapling"/><applyTo species="PILA" type="Adult"/><applyTo species="PIMO" type="Seedling"/><applyTo species="PIMO" type="Sapling"/><applyTo species="PIMO" type="Adult"/><applyTo species="PIPO" type="Seedling"/><applyTo species="PIPO" type="Sapling"/><applyTo species="PIPO" type="Adult"/><applyTo species="QUCH" type="Seedling"/><applyTo species="QUCH" type="Sapling"/><applyTo species="QUCH" type="Adult"/><applyTo species="QUKE" type="Seedling"/><applyTo species="QUKE" type="Sapling"/><applyTo species="QUKE" type="Adult"/></behavior><behavior><behaviorName>StochasticMortality</behaviorName><version>1.0</version><listPosition>4</listPosition><applyTo species="ABCO" type="Adult"/><applyTo species="ABMA" type="Adult"/><applyTo species="CADE" type="Adult"/><applyTo species="PICO" type="Adult"/><applyTo species="PIJE" type="Adult"/><applyTo species="PILA" type="Adult"/><applyTo species="PIMO" type="Adult"/><applyTo species="PIPO" type="Adult"/><applyTo species="QUCH" type="Adult"/><applyTo species="QUKE" type="Adult"/></behavior><behavior><behaviorName>StochasticMortality</behaviorName><version>1.0</version><listPosition>5</listPosition><applyTo species="ABCO" type="Seedling"/><applyTo species="ABCO" type="Sapling"/><applyTo species="ABMA" type="Seedling"/><applyTo species="ABMA" type="Sapling"/><applyTo species="CADE" type="Seedling"/><applyTo species="CADE" type="Sapling"/><applyTo species="PICO" type="Seedling"/><applyTo species="PICO" type="Sapling"/><applyTo species="PIJE" type="Seedling"/><applyTo species="PIJE" type="Sapling"/><applyTo species="PILA" type="Seedling"/><applyTo species="PILA" type="Sapling"/><applyTo species="PIMO" type="Seedling"/><applyTo species="PIMO" type="Sapling"/><applyTo species="PIPO" type="Seedling"/><applyTo species="PIPO" type="Sapling"/><applyTo species="QUCH" type="Seedling"/><applyTo species="QUCH" type="Sapling"/><applyTo species="QUKE" type="Seedling"/><applyTo species="QUKE" type="Sapling"/></behavior><behavior><behaviorName>RemoveDead</behaviorName><version>3.0</version><listPosition>6</listPosition><applyTo species="ABCO" type="Adult"/><applyTo species="ABMA" type="Adult"/><applyTo species="CADE" type="Adult"/><applyTo species="PICO" type="Adult"/><applyTo species="PIJE" type="Adult"/><applyTo species="PILA" type="Adult"/><applyTo species="PIMO" type="Adult"/><applyTo species="PIPO" type="Adult"/><applyTo species="QUCH" type="Adult"/><applyTo species="QUKE" type="Adult"/><applyTo species="ABCO" type="Seedling"/><applyTo species="ABCO" type="Sapling"/><applyTo species="ABMA" type="Seedling"/><applyTo species="ABMA" type="Sapling"/><applyTo species="CADE" type="Seedling"/><applyTo species="CADE" type="Sapling"/><applyTo species="PICO" type="Seedling"/><applyTo species="PICO" type="Sapling"/><applyTo species="PIJE" type="Seedling"/><applyTo species="PIJE" type="Sapling"/><applyTo species="PILA" type="Seedling"/><applyTo species="PILA" type="Sapling"/><applyTo species="PIMO" type="Seedling"/><applyTo species="PIMO" type="Sapling"/><applyTo species="PIPO" type="Seedling"/><applyTo species="PIPO" type="Sapling"/><applyTo species="QUCH" type="Seedling"/><applyTo species="QUCH" type="Sapling"/><applyTo species="QUKE" type="Seedling"/><applyTo species="QUKE" type="Sapling"/></behavior><behavior><behaviorName>NonGapDisperse</behaviorName><version>1.0</version><listPosition>7</listPosition><applyTo species="ABCO" type="Adult"/><applyTo species="ABMA" type="Adult"/><applyTo species="CADE" type="Adult"/><applyTo species="PICO" type="Adult"/><applyTo species="PIJE" type="Adult"/><applyTo species="PILA" type="Adult"/><applyTo species="PIMO" type="Adult"/><applyTo species="PIPO" type="Adult"/><applyTo species="QUCH" type="Adult"/><applyTo species="QUKE" type="Adult"/></behavior><behavior><behaviorName>Establishment</behaviorName><version>1.0</version><listPosition>8</listPosition><applyTo species="ABCO" type="Seed"/><applyTo species="ABMA" type="Seed"/><applyTo species="CADE" type="Seed"/><applyTo species="PICO" type="Seed"/><applyTo species="PIJE" type="Seed"/><applyTo species="PILA" type="Seed"/><applyTo species="PIMO" type="Seed"/><applyTo species="PIPO" type="Seed"/><applyTo species="QUCH" type="Seed"/><applyTo species="QUKE" type="Seed"/></behavior><behavior><behaviorName>ShortOutput</behaviorName><version>1.0</version><listPosition>10</listPosition></behavior><behavior><behaviorName>Output</behaviorName><version>1.0</version><listPosition>9</listPosition></behavior></behaviorList><allometry><tr_whatAdultHeightDiam><tr_wahdVal species="ABCO">0</tr_wahdVal><tr_wahdVal species="ABMA">0</tr_wahdVal><tr_wahdVal species="CADE">0</tr_wahdVal><tr_wahdVal species="PICO">0</tr_wahdVal><tr_wahdVal species="PIJE">0</tr_wahdVal><tr_wahdVal species="PILA">0</tr_wahdVal><tr_wahdVal species="PIMO">0</tr_wahdVal><tr_wahdVal species="PIPO">0</tr_wahdVal><tr_wahdVal species="QUCH">0</tr_wahdVal><tr_wahdVal species="QUKE">0</tr_wahdVal></tr_whatAdultHeightDiam><tr_whatSaplingHeightDiam><tr_wsahdVal species="ABCO">0</tr_wsahdVal><tr_wsahdVal species="ABMA">0</tr_wsahdVal><tr_wsahdVal species="CADE">0</tr_wsahdVal><tr_wsahdVal species="PICO">0</tr_wsahdVal><tr_wsahdVal species="PIJE">0</tr_wsahdVal><tr_wsahdVal species="PILA">0</tr_wsahdVal><tr_wsahdVal species="PIMO">0</tr_wsahdVal><tr_wsahdVal species="PIPO">0</tr_wsahdVal><tr_wsahdVal species="QUCH">0</tr_wsahdVal><tr_wsahdVal species="QUKE">0</tr_wsahdVal></tr_whatSaplingHeightDiam><tr_whatSeedlingHeightDiam><tr_wsehdVal species="ABCO">0</tr_wsehdVal><tr_wsehdVal species="ABMA">0</tr_wsehdVal><tr_wsehdVal species="CADE">0</tr_wsehdVal><tr_wsehdVal species="PICO">0</tr_wsehdVal><tr_wsehdVal species="PIJE">0</tr_wsehdVal><tr_wsehdVal species="PILA">0</tr_wsehdVal><tr_wsehdVal species="PIMO">0</tr_wsehdVal><tr_wsehdVal species="PIPO">0</tr_wsehdVal><tr_wsehdVal species="QUCH">0</tr_wsehdVal><tr_wsehdVal species="QUKE">0</tr_wsehdVal></tr_whatSeedlingHeightDiam><tr_whatAdultCrownRadDiam><tr_wacrdVal species="ABCO">0</tr_wacrdVal><tr_wacrdVal species="ABMA">0</tr_wacrdVal><tr_wacrdVal species="CADE">0</tr_wacrdVal><tr_wacrdVal species="PICO">0</tr_wacrdVal><tr_wacrdVal species="PIJE">0</tr_wacrdVal><tr_wacrdVal species="PILA">0</tr_wacrdVal><tr_wacrdVal species="PIMO">0</tr_wacrdVal><tr_wacrdVal species="PIPO">0</tr_wacrdVal><tr_wacrdVal species="QUCH">0</tr_wacrdVal><tr_wacrdVal species="QUKE">0</tr_wacrdVal></tr_whatAdultCrownRadDiam><tr_whatSaplingCrownRadDiam><tr_wscrdVal species="ABCO">0</tr_wscrdVal><tr_wscrdVal species="ABMA">0</tr_wscrdVal><tr_wscrdVal species="CADE">0</tr_wscrdVal><tr_wscrdVal species="PICO">0</tr_wscrdVal><tr_wscrdVal species="PIJE">0</tr_wscrdVal><tr_wscrdVal species="PILA">0</tr_wscrdVal><tr_wscrdVal species="PIMO">0</tr_wscrdVal><tr_wscrdVal species="PIPO">0</tr_wscrdVal><tr_wscrdVal species="QUCH">0</tr_wscrdVal><tr_wscrdVal species="QUKE">0</tr_wscrdVal></tr_whatSaplingCrownRadDiam><tr_whatAdultCrownHeightHeight><tr_wachhVal species="ABCO">0</tr_wachhVal><tr_wachhVal species="ABMA">0</tr_wachhVal><tr_wachhVal species="CADE">0</tr_wachhVal><tr_wachhVal species="PICO">0</tr_wachhVal><tr_wachhVal species="PIJE">0</tr_wachhVal><tr_wachhVal species="PILA">0</tr_wachhVal><tr_wachhVal species="PIMO">0</tr_wachhVal><tr_wachhVal species="PIPO">0</tr_wachhVal><tr_wachhVal species="QUCH">0</tr_wachhVal><tr_wachhVal species="QUKE">0</tr_wachhVal></tr_whatAdultCrownHeightHeight><tr_whatSaplingCrownHeightHeight><tr_wschhVal species="ABCO">0</tr_wschhVal><tr_wschhVal species="ABMA">0</tr_wschhVal><tr_wschhVal species="CADE">0</tr_wschhVal><tr_wschhVal species="PICO">0</tr_wschhVal><tr_wschhVal species="PIJE">0</tr_wschhVal><tr_wschhVal species="PILA">0</tr_wschhVal><tr_wschhVal species="PIMO">0</tr_wschhVal><tr_wschhVal species="PIPO">0</tr_wschhVal><tr_wschhVal species="QUCH">0</tr_wschhVal><tr_wschhVal species="QUKE">0</tr_wschhVal></tr_whatSaplingCrownHeightHeight><tr_canopyHeight><tr_chVal species="ABCO">70.0</tr_chVal><tr_chVal species="ABMA">70.0</tr_chVal><tr_chVal species="CADE">50.0</tr_chVal><tr_chVal species="PICO">50.0</tr_chVal><tr_chVal species="PIJE">60.0</tr_chVal><tr_chVal species="PILA">70.0</tr_chVal><tr_chVal species="PIMO">60.0</tr_chVal><tr_chVal species="PIPO">65.0</tr_chVal><tr_chVal species="QUCH">30.0</tr_chVal><tr_chVal species="QUKE">30.0</tr_chVal></tr_canopyHeight><tr_stdAsympCrownRad><tr_sacrVal species="ABCO">0.07895</tr_sacrVal><tr_sacrVal species="ABMA">0.06</tr_sacrVal><tr_sacrVal species="CADE">0.08597</tr_sacrVal><tr_sacrVal species="PICO">0.072</tr_sacrVal><tr_sacrVal species="PIJE">0.072</tr_sacrVal><tr_sacrVal species="PILA">0.07391</tr_sacrVal><tr_sacrVal species="PIMO">0.061</tr_sacrVal><tr_sacrVal species="PIPO">0.07659</tr_sacrVal><tr_sacrVal species="QUCH">0.1327</tr_sacrVal><tr_sacrVal species="QUKE">0.1262</tr_sacrVal></tr_stdAsympCrownRad><tr_stdCrownRadExp><tr_screVal species="ABCO">1.0</tr_screVal><tr_screVal species="ABMA">1.0</tr_screVal><tr_screVal species="CADE">1.0</tr_screVal><tr_screVal species="PICO">1.0</tr_screVal><tr_screVal species="PIJE">1.0</tr_screVal><tr_screVal species="PILA">1.0</tr_screVal><tr_screVal species="PIMO">1.0</tr_screVal><tr_screVal species="PIPO">1.0</tr_screVal><tr_screVal species="QUCH">1.0</tr_screVal><tr_screVal species="QUKE">1.0</tr_screVal></tr_stdCrownRadExp><tr_stdMaxCrownRad><tr_smcrVal species="ABCO">10.0</tr_smcrVal><tr_smcrVal species="ABMA">10.0</tr_smcrVal><tr_smcrVal species="CADE">10.0</tr_smcrVal><tr_smcrVal species="PICO">10.0</tr_smcrVal><tr_smcrVal species="PIJE">10.0</tr_smcrVal><tr_smcrVal species="PILA">10.0</tr_smcrVal><tr_smcrVal species="PIMO">10.0</tr_smcrVal><tr_smcrVal species="PIPO">10.0</tr_smcrVal><tr_smcrVal species="QUCH">10.0</tr_smcrVal><tr_smcrVal species="QUKE">10.0</tr_smcrVal></tr_stdMaxCrownRad><tr_stdAsympCrownHt><tr_sachVal species="ABCO">0.5036</tr_sachVal><tr_sachVal species="ABMA">0.513</tr_sachVal><tr_sachVal species="CADE">0.4761</tr_sachVal><tr_sachVal species="PICO">0.535</tr_sachVal><tr_sachVal species="PIJE">0.535</tr_sachVal><tr_sachVal species="PILA">0.5041</tr_sachVal><tr_sachVal species="PIMO">0.607</tr_sachVal><tr_sachVal species="PIPO">0.5037</tr_sachVal><tr_sachVal species="QUCH">0.4213</tr_sachVal><tr_sachVal species="QUKE">0.3937</tr_sachVal></tr_stdAsympCrownHt><tr_stdCrownHtExp><tr_scheVal species="ABCO">1.0</tr_scheVal><tr_scheVal species="ABMA">1.0</tr_scheVal><tr_scheVal species="CADE">1.0</tr_scheVal><tr_scheVal species="PICO">1.0</tr_scheVal><tr_scheVal species="PIJE">1.0</tr_scheVal><tr_scheVal species="PILA">1.0</tr_scheVal><tr_scheVal species="PIMO">1.0</tr_scheVal><tr_scheVal species="PIPO">1.0</tr_scheVal><tr_scheVal species="QUCH">1.0</tr_scheVal><tr_scheVal species="QUKE">1.0</tr_scheVal></tr_stdCrownHtExp><tr_conversionDiam10ToDBH><tr_cdtdVal species="ABCO">0.75</tr_cdtdVal><tr_cdtdVal species="ABMA">0.75</tr_cdtdVal><tr_cdtdVal species="CADE">0.75</tr_cdtdVal><tr_cdtdVal species="PICO">0.75</tr_cdtdVal><tr_cdtdVal species="PIJE">0.75</tr_cdtdVal><tr_cdtdVal species="PILA">0.75</tr_cdtdVal><tr_cdtdVal species="PIMO">0.75</tr_cdtdVal><tr_cdtdVal species="PIPO">0.75</tr_cdtdVal><tr_cdtdVal species="QUCH">0.75</tr_cdtdVal><tr_cdtdVal species="QUKE">0.75</tr_cdtdVal></tr_conversionDiam10ToDBH><tr_interceptDiam10ToDBH><tr_idtdVal species="ABCO">0.0</tr_idtdVal><tr_idtdVal species="ABMA">0.0</tr_idtdVal><tr_idtdVal species="CADE">0.0</tr_idtdVal><tr_idtdVal species="PICO">0.0</tr_idtdVal><tr_idtdVal species="PIJE">0.0</tr_idtdVal><tr_idtdVal species="PILA">0.0</tr_idtdVal><tr_idtdVal species="PIMO">0.0</tr_idtdVal><tr_idtdVal species="PIPO">0.0</tr_idtdVal><tr_idtdVal species="QUCH">0.0</tr_idtdVal><tr_idtdVal species="QUKE">0.0</tr_idtdVal></tr_interceptDiam10ToDBH><tr_slopeOfAsymHeight><tr_soahVal species="ABCO">0.0109461</tr_soahVal><tr_soahVal species="ABMA">0.0103684</tr_soahVal><tr_soahVal species="CADE">0.010017</tr_soahVal><tr_soahVal species="PICO">0.0189569</tr_soahVal><tr_soahVal species="PIJE">0.015964</tr_soahVal><tr_soahVal species="PILA">0.0087087</tr_soahVal><tr_soahVal species="PIMO">0.015964</tr_soahVal><tr_soahVal species="PIPO">0.0158599</tr_soahVal><tr_soahVal species="QUCH">0.0114372</tr_soahVal><tr_soahVal species="QUKE">0.0114372</tr_soahVal></tr_slopeOfAsymHeight><tr_slopeOfHeight-Diam10><tr_sohdVal species="ABCO">0.03</tr_sohdVal><tr_sohdVal species="ABMA">0.03</tr_sohdVal><tr_sohdVal species="CADE">0.03</tr_sohdVal><tr_sohdVal species="PICO">0.03</tr_sohdVal><tr_sohdVal species="PIJE">0.03</tr_sohdVal><tr_sohdVal species="PILA">0.03</tr_sohdVal><tr_sohdVal species="PIMO">0.03</tr_sohdVal><tr_sohdVal species="PIPO">0.03</tr_sohdVal><tr_sohdVal species="QUCH">0.03</tr_sohdVal><tr_sohdVal species="QUKE">0.03</tr_sohdVal></tr_slopeOfHeight-Diam10></allometry><GeneralLight><li_lightExtinctionCoefficient><li_lecVal species="ABCO">0.1746</li_lecVal><li_lecVal species="ABMA">0.146</li_lecVal><li_lecVal species="CADE">0.1872</li_lecVal><li_lecVal species="PICO">0.236</li_lecVal><li_lecVal species="PIJE">0.236</li_lecVal><li_lecVal species="PILA">0.1913</li_lecVal><li_lecVal species="PIMO">0.176</li_lecVal><li_lecVal species="PIPO">0.211</li_lecVal><li_lecVal species="QUCH">0.2272</li_lecVal><li_lecVal species="QUKE">0.2449</li_lecVal></li_lightExtinctionCoefficient><li_beamFractGlobalRad>0.5</li_beamFractGlobalRad><li_clearSkyTransCoeff>0.65</li_clearSkyTransCoeff><li_julianDayGrowthStarts>135</li_julianDayGrowthStarts><li_julianDayGrowthEnds>300</li_julianDayGrowthEnds></GeneralLight><QuadratLight1><li_numAziGrids>18</li_numAziGrids><li_numAltGrids>12</li_numAltGrids><li_minSunAngle>0.779</li_minSunAngle><li_quadratLightHeight>0.675</li_quadratLightHeight><li_quadratAllGLIs>0</li_quadratAllGLIs></QuadratLight1><SailLight2><li_skyMaskAngle>45.0</li_skyMaskAngle><li_maxShadingRadius>5.0</li_maxShadingRadius><li_crownFracOfHeight>0</li_crownFracOfHeight><li_heightOfFishEyePhoto>0</li_heightOfFishEyePhoto></SailLight2><NCIMasterGrowth3><nciWhichShadingEffect>1</nciWhichShadingEffect><nciWhichCrowdingEffect>1</nciWhichCrowdingEffect><nciWhichNCITerm>1</nciWhichNCITerm><nciWhichSizeEffect>0</nciWhichSizeEffect><nciWhichDamageEffect>0</nciWhichDamageEffect><nciWhichPrecipitationEffect>0</nciWhichPrecipitationEffect><nciWhichTemperatureEffect>0</nciWhichTemperatureEffect><nciWhichNitrogenEffect>0</nciWhichNitrogenEffect><nciWhichInfectionEffect>0</nciWhichInfectionEffect><gr_nciMaxPotentialGrowth><gr_nmpgVal species="ABCO">0.656</gr_nmpgVal><gr_nmpgVal species="ABMA">0.656</gr_nmpgVal><gr_nmpgVal species="CADE">0.691</gr_nmpgVal><gr_nmpgVal species="PICO">0.878</gr_nmpgVal><gr_nmpgVal species="PIJE">0.878</gr_nmpgVal><gr_nmpgVal species="PILA">0.878</gr_nmpgVal><gr_nmpgVal species="PIMO">0.878</gr_nmpgVal><gr_nmpgVal species="PIPO">0.878</gr_nmpgVal><gr_nmpgVal species="QUCH">0.487</gr_nmpgVal><gr_nmpgVal species="QUKE">0.487</gr_nmpgVal></gr_nciMaxPotentialGrowth><gr_stochGrowthMethod>3</gr_stochGrowthMethod><gr_standardDeviation><gr_sdVal species="ABCO">0.158</gr_sdVal><gr_sdVal species="ABMA">0.158</gr_sdVal><gr_sdVal species="CADE">0.169</gr_sdVal><gr_sdVal species="PICO">0.208</gr_sdVal><gr_sdVal species="PIJE">0.208</gr_sdVal><gr_sdVal species="PILA">0.208</gr_sdVal><gr_sdVal species="PIMO">0.208</gr_sdVal><gr_sdVal species="PIPO">0.208</gr_sdVal><gr_sdVal species="QUCH">0.117</gr_sdVal><gr_sdVal species="QUKE">0.117</gr_sdVal></gr_standardDeviation><nciShadingCoefficient><nscVal species="ABCO">0.0</nscVal><nscVal species="ABMA">0.0</nscVal><nscVal species="CADE">0.0</nscVal><nscVal species="PICO">0.0</nscVal><nscVal species="PIJE">0.0</nscVal><nscVal species="PILA">0.0</nscVal><nscVal species="PIMO">0.0</nscVal><nscVal species="PIPO">0.0</nscVal><nscVal species="QUCH">0.0</nscVal><nscVal species="QUKE">0.0</nscVal></nciShadingCoefficient><nciShadingExponent><nseVal species="ABCO">0.0</nseVal><nseVal species="ABMA">0.0</nseVal><nseVal species="CADE">0.0</nseVal><nseVal species="PICO">0.0</nseVal><nseVal species="PIJE">0.0</nseVal><nseVal species="PILA">0.0</nseVal><nseVal species="PIMO">0.0</nseVal><nseVal species="PIPO">0.0</nseVal><nseVal species="QUCH">0.0</nseVal><nseVal species="QUKE">0.0</nseVal></nciShadingExponent><nciCrowdingGamma><ncgVal species="ABCO">1.0</ncgVal><ncgVal species="ABMA">1.0</ncgVal><ncgVal species="CADE">1.0</ncgVal><ncgVal species="PICO">1.0</ncgVal><ncgVal species="PIJE">1.0</ncgVal><ncgVal species="PILA">1.0</ncgVal><ncgVal species="PIMO">1.0</ncgVal><ncgVal species="PIPO">1.0</ncgVal><ncgVal species="QUCH">1.0</ncgVal><ncgVal species="QUKE">1.0</ncgVal></nciCrowdingGamma><nciCrowdingC><nccVal species="ABCO">1.0</nccVal><nccVal species="ABMA">1.0</nccVal><nccVal species="CADE">1.0</nccVal><nccVal species="PICO">1.0</nccVal><nccVal species="PIJE">1.0</nccVal><nccVal species="PILA">1.0</nccVal><nccVal species="PIMO">1.0</nccVal><nccVal species="PIPO">1.0</nccVal><nccVal species="QUCH">1.0</nccVal><nccVal species="QUKE">1.0</nccVal></nciCrowdingC><nciCrowdingD><ncdVal species="ABCO">1.0</ncdVal><ncdVal species="ABMA">1.0</ncdVal><ncdVal species="CADE">1.0</ncdVal><ncdVal species="PICO">1.0</ncdVal><ncdVal species="PIJE">1.0</ncdVal><ncdVal species="PILA">1.0</ncdVal><ncdVal species="PIMO">1.0</ncdVal><ncdVal species="PIPO">1.0</ncdVal><ncdVal species="QUCH">1.0</ncdVal><ncdVal species="QUKE">1.0</ncdVal></nciCrowdingD><nciMaxCrowdingRadius><nmcrVal species="ABCO">10.0</nmcrVal><nmcrVal species="ABMA">10.0</nmcrVal><nmcrVal species="CADE">10.0</nmcrVal><nmcrVal species="PICO">10.0</nmcrVal><nmcrVal species="PIJE">10.0</nmcrVal><nmcrVal species="PILA">10.0</nmcrVal><nmcrVal species="PIMO">10.0</nmcrVal><nmcrVal species="PIPO">10.0</nmcrVal><nmcrVal species="QUCH">10.0</nmcrVal><nmcrVal species="QUKE">10.0</nmcrVal></nciMaxCrowdingRadius><nciAlpha><naVal species="ABCO">1.0</naVal><naVal species="ABMA">1.0</naVal><naVal species="CADE">1.0</naVal><naVal species="PICO">1.0</naVal><naVal species="PIJE">1.0</naVal><naVal species="PILA">1.0</naVal><naVal species="PIMO">1.0</naVal><naVal species="PIPO">1.0</naVal><naVal species="QUCH">1.0</naVal><naVal species="QUKE">1.0</naVal></nciAlpha><nciBeta><nbVal species="ABCO">1.0</nbVal><nbVal species="ABMA">1.0</nbVal><nbVal species="CADE">1.0</nbVal><nbVal species="PICO">1.0</nbVal><nbVal species="PIJE">1.0</nbVal><nbVal species="PILA">1.0</nbVal><nbVal species="PIMO">1.0</nbVal><nbVal species="PIPO">1.0</nbVal><nbVal species="QUCH">1.0</nbVal><nbVal species="QUKE">1.0</nbVal></nciBeta><nciDbhDivisor>1.0</nciDbhDivisor><nciIncludeSnagsInNCI>0</nciIncludeSnagsInNCI><nciMinNeighborDBH><nmndVal species="ABCO">10.0</nmndVal><nmndVal species="ABMA">10.0</nmndVal><nmndVal species="CADE">10.0</nmndVal><nmndVal species="PICO">10.0</nmndVal><nmndVal species="PIJE">10.0</nmndVal><nmndVal species="PILA">10.0</nmndVal><nmndVal species="PIMO">10.0</nmndVal><nmndVal species="PIPO">10.0</nmndVal><nmndVal species="QUCH">10.0</nmndVal><nmndVal species="QUKE">10.0</nmndVal></nciMinNeighborDBH><nciABCONeighborLambda><nlVal species="ABCO">1.0</nlVal><nlVal species="ABMA">1.0</nlVal><nlVal species="CADE">1.0</nlVal><nlVal species="PICO">1.0</nlVal><nlVal species="PIJE">1.0</nlVal><nlVal species="PILA">1.0</nlVal><nlVal species="PIMO">1.0</nlVal><nlVal species="PIPO">1.0</nlVal><nlVal species="QUCH">1.0</nlVal><nlVal species="QUKE">1.0</nlVal></nciABCONeighborLambda><nciABMANeighborLambda><nlVal species="ABCO">1.0</nlVal><nlVal species="ABMA">1.0</nlVal><nlVal species="CADE">1.0</nlVal><nlVal species="PICO">1.0</nlVal><nlVal species="PIJE">1.0</nlVal><nlVal species="PILA">1.0</nlVal><nlVal species="PIMO">1.0</nlVal><nlVal species="PIPO">1.0</nlVal><nlVal species="QUCH">1.0</nlVal><nlVal species="QUKE">1.0</nlVal></nciABMANeighborLambda><nciCADENeighborLambda><nlVal species="ABCO">1.0</nlVal><nlVal species="ABMA">1.0</nlVal><nlVal species="CADE">1.0</nlVal><nlVal species="PICO">1.0</nlVal><nlVal species="PIJE">1.0</nlVal><nlVal species="PILA">1.0</nlVal><nlVal species="PIMO">1.0</nlVal><nlVal species="PIPO">1.0</nlVal><nlVal species="QUCH">1.0</nlVal><nlVal species="QUKE">1.0</nlVal></nciCADENeighborLambda><nciPICONeighborLambda><nlVal species="ABCO">1.0</nlVal><nlVal species="ABMA">1.0</nlVal><nlVal species="CADE">1.0</nlVal><nlVal species="PICO">1.0</nlVal><nlVal species="PIJE">1.0</nlVal><nlVal species="PILA">1.0</nlVal><nlVal species="PIMO">1.0</nlVal><nlVal species="PIPO">1.0</nlVal><nlVal species="QUCH">1.0</nlVal><nlVal species="QUKE">1.0</nlVal></nciPICONeighborLambda><nciPIJENeighborLambda><nlVal species="ABCO">1.0</nlVal><nlVal species="ABMA">1.0</nlVal><nlVal species="CADE">1.0</nlVal><nlVal species="PICO">1.0</nlVal><nlVal species="PIJE">1.0</nlVal><nlVal species="PILA">1.0</nlVal><nlVal species="PIMO">1.0</nlVal><nlVal species="PIPO">1.0</nlVal><nlVal species="QUCH">1.0</nlVal><nlVal species="QUKE">1.0</nlVal></nciPIJENeighborLambda><nciPILANeighborLambda><nlVal species="ABCO">1.0</nlVal><nlVal species="ABMA">1.0</nlVal><nlVal species="CADE">1.0</nlVal><nlVal species="PICO">1.0</nlVal><nlVal species="PIJE">1.0</nlVal><nlVal species="PILA">1.0</nlVal><nlVal species="PIMO">1.0</nlVal><nlVal species="PIPO">1.0</nlVal><nlVal species="QUCH">1.0</nlVal><nlVal species="QUKE">1.0</nlVal></nciPILANeighborLambda><nciPIMONeighborLambda><nlVal species="ABCO">1.0</nlVal><nlVal species="ABMA">1.0</nlVal><nlVal species="CADE">1.0</nlVal><nlVal species="PICO">1.0</nlVal><nlVal species="PIJE">1.0</nlVal><nlVal species="PILA">1.0</nlVal><nlVal species="PIMO">1.0</nlVal><nlVal species="PIPO">1.0</nlVal><nlVal species="QUCH">1.0</nlVal><nlVal species="QUKE">1.0</nlVal></nciPIMONeighborLambda><nciPIPONeighborLambda><nlVal species="ABCO">1.0</nlVal><nlVal species="ABMA">1.0</nlVal><nlVal species="CADE">1.0</nlVal><nlVal species="PICO">1.0</nlVal><nlVal species="PIJE">1.0</nlVal><nlVal species="PILA">1.0</nlVal><nlVal species="PIMO">1.0</nlVal><nlVal species="PIPO">1.0</nlVal><nlVal species="QUCH">1.0</nlVal><nlVal species="QUKE">1.0</nlVal></nciPIPONeighborLambda><nciQUCHNeighborLambda><nlVal species="ABCO">1.0</nlVal><nlVal species="ABMA">1.0</nlVal><nlVal species="CADE">1.0</nlVal><nlVal species="PICO">1.0</nlVal><nlVal species="PIJE">1.0</nlVal><nlVal species="PILA">1.0</nlVal><nlVal species="PIMO">1.0</nlVal><nlVal species="PIPO">1.0</nlVal><nlVal species="QUCH">1.0</nlVal><nlVal species="QUKE">1.0</nlVal></nciQUCHNeighborLambda><nciQUKENeighborLambda><nlVal species="ABCO">1.0</nlVal><nlVal species="ABMA">1.0</nlVal><nlVal species="CADE">1.0</nlVal><nlVal species="PICO">1.0</nlVal><nlVal species="PIJE">1.0</nlVal><nlVal species="PILA">1.0</nlVal><nlVal species="PIMO">1.0</nlVal><nlVal species="PIPO">1.0</nlVal><nlVal species="QUCH">1.0</nlVal><nlVal species="QUKE">1.0</nlVal></nciQUKENeighborLambda></NCIMasterGrowth3><StochasticMortality4><mo_stochasticMortRate><mo_smrVal species="ABCO">0.00774974</mo_smrVal><mo_smrVal species="ABMA">0.0034</mo_smrVal><mo_smrVal species="CADE">0.010286169</mo_smrVal><mo_smrVal species="PICO">0.0106</mo_smrVal><mo_smrVal species="PIJE">0.0106</mo_smrVal><mo_smrVal species="PILA">0.02038393</mo_smrVal><mo_smrVal species="PIMO">0.009442</mo_smrVal><mo_smrVal species="PIPO">0.036202736</mo_smrVal><mo_smrVal species="QUCH">0.020618556</mo_smrVal><mo_smrVal species="QUKE">0.0098819</mo_smrVal></mo_stochasticMortRate></StochasticMortality4><StochasticMortality5><mo_stochasticMortRate><mo_smrVal species="ABCO">0.21</mo_smrVal><mo_smrVal species="ABMA">0.227</mo_smrVal><mo_smrVal species="CADE">0.169</mo_smrVal><mo_smrVal species="PICO">0.143</mo_smrVal><mo_smrVal species="PIJE">0.143</mo_smrVal><mo_smrVal species="PILA">0.143</mo_smrVal><mo_smrVal species="PIMO">0.143</mo_smrVal><mo_smrVal species="PIPO">0.143</mo_smrVal><mo_smrVal species="QUCH">0.44</mo_smrVal><mo_smrVal species="QUKE">0.408</mo_smrVal></mo_stochasticMortRate></StochasticMortality5><RemoveDead6></RemoveDead6><NonGapDisperse7><di_seedDistributionMethod>0</di_seedDistributionMethod><di_standardDeviation><di_sdVal species="ABCO">0.0</di_sdVal><di_sdVal species="ABMA">0.0</di_sdVal><di_sdVal species="CADE">0.0</di_sdVal><di_sdVal species="PICO">0.0</di_sdVal><di_sdVal species="PIJE">0.0</di_sdVal><di_sdVal species="PILA">0.0</di_sdVal><di_sdVal species="PIMO">0.0</di_sdVal><di_sdVal species="PIPO">0.0</di_sdVal><di_sdVal species="QUCH">0.0</di_sdVal><di_sdVal species="QUKE">0.0</di_sdVal></di_standardDeviation><di_clumpingParameter><di_cpVal species="ABCO">0.0</di_cpVal><di_cpVal species="ABMA">0.0</di_cpVal><di_cpVal species="CADE">0.0</di_cpVal><di_cpVal species="PICO">0.0</di_cpVal><di_cpVal species="PIJE">0.0</di_cpVal><di_cpVal species="PILA">0.0</di_cpVal><di_cpVal species="PIMO">0.0</di_cpVal><di_cpVal species="PIPO">0.0</di_cpVal><di_cpVal species="QUCH">0.0</di_cpVal><di_cpVal species="QUKE">0.0</di_cpVal></di_clumpingParameter><di_minDbhForReproduction><di_mdfrVal species="ABCO">12.0</di_mdfrVal><di_mdfrVal species="ABMA">9.0</di_mdfrVal><di_mdfrVal species="CADE">5.0</di_mdfrVal><di_mdfrVal species="PICO">5.0</di_mdfrVal><di_mdfrVal species="PIJE">5.0</di_mdfrVal><di_mdfrVal species="PILA">22.0</di_mdfrVal><di_mdfrVal species="PIMO">15.0</di_mdfrVal><di_mdfrVal species="PIPO">5.0</di_mdfrVal><di_mdfrVal species="QUCH">16.0</di_mdfrVal><di_mdfrVal species="QUKE">5.0</di_mdfrVal></di_minDbhForReproduction><di_canopyFunction><di_cfVal species="ABCO">0</di_cfVal><di_cfVal species="ABMA">0</di_cfVal><di_cfVal species="CADE">0</di_cfVal><di_cfVal species="PICO">0</di_cfVal><di_cfVal species="PIJE">0</di_cfVal><di_cfVal species="PILA">0</di_cfVal><di_cfVal species="PIMO">0</di_cfVal><di_cfVal species="PIPO">0</di_cfVal><di_cfVal species="QUCH">0</di_cfVal><di_cfVal species="QUKE">0</di_cfVal></di_canopyFunction><di_weibullCanopySTR><di_wcsVal species="ABCO">0.313</di_wcsVal><di_wcsVal species="ABMA">0.05</di_wcsVal><di_wcsVal species="CADE">0.147</di_wcsVal><di_wcsVal species="PICO">0.05</di_wcsVal><di_wcsVal species="PIJE">0.05</di_wcsVal><di_wcsVal species="PILA">0.055</di_wcsVal><di_wcsVal species="PIMO">0.055</di_wcsVal><di_wcsVal species="PIPO">0.06</di_wcsVal><di_wcsVal species="QUCH">0.035</di_wcsVal><di_wcsVal species="QUKE">0.035</di_wcsVal></di_weibullCanopySTR><di_weibullCanopyBeta><di_wcbVal species="ABCO">1.0</di_wcbVal><di_wcbVal species="ABMA">0.05</di_wcbVal><di_wcbVal species="CADE">1.0</di_wcbVal><di_wcbVal species="PICO">0.05</di_wcbVal><di_wcbVal species="PIJE">2.0</di_wcbVal><di_wcbVal species="PILA">1.0</di_wcbVal><di_wcbVal species="PIMO">0.05</di_wcbVal><di_wcbVal species="PIPO">2.0</di_wcbVal><di_wcbVal species="QUCH">2.0</di_wcbVal><di_wcbVal species="QUKE">1.0</di_wcbVal></di_weibullCanopyBeta><di_weibullCanopyTheta><di_wctVal species="ABCO">3.0</di_wctVal><di_wctVal species="ABMA">0.05</di_wctVal><di_wctVal species="CADE">3.0</di_wctVal><di_wctVal species="PICO">0.05</di_wctVal><di_wctVal species="PIJE">0.05</di_wctVal><di_wctVal species="PILA">3.0</di_wctVal><di_wctVal species="PIMO">0.05</di_wctVal><di_wctVal species="PIPO">3.0</di_wctVal><di_wctVal species="QUCH">3.0</di_wctVal><di_wctVal species="QUKE">3.0</di_wctVal></di_weibullCanopyTheta><di_weibullCanopyDispersal><di_wcdVal species="ABCO">-0.007</di_wcdVal><di_wcdVal species="ABMA">0.05</di_wcdVal><di_wcdVal species="CADE">0.0045</di_wcdVal><di_wcdVal species="PICO">0.05</di_wcdVal><di_wcdVal species="PIJE">0.05</di_wcdVal><di_wcdVal species="PILA">0.012</di_wcdVal><di_wcdVal species="PIMO">0.05</di_wcdVal><di_wcdVal species="PIPO">0.012</di_wcdVal><di_wcdVal species="QUCH">0.012</di_wcdVal><di_wcdVal species="QUKE">0.012</di_wcdVal></di_weibullCanopyDispersal><di_lognormalCanopySTR><di_lcsVal species="ABCO">0.0</di_lcsVal><di_lcsVal species="ABMA">0.0</di_lcsVal><di_lcsVal species="CADE">0.0</di_lcsVal><di_lcsVal species="PICO">0.0</di_lcsVal><di_lcsVal species="PIJE">0.0</di_lcsVal><di_lcsVal species="PILA">0.0</di_lcsVal><di_lcsVal species="PIMO">0.0</di_lcsVal><di_lcsVal species="PIPO">0.0</di_lcsVal><di_lcsVal species="QUCH">0.0</di_lcsVal><di_lcsVal species="QUKE">0.0</di_lcsVal></di_lognormalCanopySTR><di_lognormalCanopyBeta><di_lcbVal species="ABCO">0.0</di_lcbVal><di_lcbVal species="ABMA">0.0</di_lcbVal><di_lcbVal species="CADE">0.0</di_lcbVal><di_lcbVal species="PICO">0.0</di_lcbVal><di_lcbVal species="PIJE">0.0</di_lcbVal><di_lcbVal species="PILA">0.0</di_lcbVal><di_lcbVal species="PIMO">0.0</di_lcbVal><di_lcbVal species="PIPO">0.0</di_lcbVal><di_lcbVal species="QUCH">0.0</di_lcbVal><di_lcbVal species="QUKE">0.0</di_lcbVal></di_lognormalCanopyBeta><di_lognormalCanopyXb><di_lcxbVal species="ABCO">0.0</di_lcxbVal><di_lcxbVal species="ABMA">0.0</di_lcxbVal><di_lcxbVal species="CADE">0.0</di_lcxbVal><di_lcxbVal species="PICO">0.0</di_lcxbVal><di_lcxbVal species="PIJE">0.0</di_lcxbVal><di_lcxbVal species="PILA">0.0</di_lcxbVal><di_lcxbVal species="PIMO">0.0</di_lcxbVal><di_lcxbVal species="PIPO">0.0</di_lcxbVal><di_lcxbVal species="QUCH">0.0</di_lcxbVal><di_lcxbVal species="QUKE">0.0</di_lcxbVal></di_lognormalCanopyXb><di_lognormalCanopyX0><di_lcx0Val species="ABCO">0.0</di_lcx0Val><di_lcx0Val species="ABMA">0.0</di_lcx0Val><di_lcx0Val species="CADE">0.0</di_lcx0Val><di_lcx0Val species="PICO">0.0</di_lcx0Val><di_lcx0Val species="PIJE">0.0</di_lcx0Val><di_lcx0Val species="PILA">0.0</di_lcx0Val><di_lcx0Val species="PIMO">0.0</di_lcx0Val><di_lcx0Val species="PIPO">0.0</di_lcx0Val><di_lcx0Val species="QUCH">0.0</di_lcx0Val><di_lcx0Val species="QUKE">0.0</di_lcx0Val></di_lognormalCanopyX0><di_suckerSTR><di_ssVal species="ABCO">0.0</di_ssVal><di_ssVal species="ABMA">0.0</di_ssVal><di_ssVal species="CADE">0.0</di_ssVal><di_ssVal species="PICO">0.0</di_ssVal><di_ssVal species="PIJE">0.0</di_ssVal><di_ssVal species="PILA">0.0</di_ssVal><di_ssVal species="PIMO">0.0</di_ssVal><di_ssVal species="PIPO">0.0</di_ssVal><di_ssVal species="QUCH">0.0</di_ssVal><di_ssVal species="QUKE">0.0</di_ssVal></di_suckerSTR><di_suckerBeta><di_sbVal species="ABCO">0.0</di_sbVal><di_sbVal species="ABMA">0.0</di_sbVal><di_sbVal species="CADE">0.0</di_sbVal><di_sbVal species="PICO">0.0</di_sbVal><di_sbVal species="PIJE">0.0</di_sbVal><di_sbVal species="PILA">0.0</di_sbVal><di_sbVal species="PIMO">0.0</di_sbVal><di_sbVal species="PIPO">0.0</di_sbVal><di_sbVal species="QUCH">0.0</di_sbVal><di_sbVal species="QUKE">0.0</di_sbVal></di_suckerBeta></NonGapDisperse7><Establishment8></Establishment8><Output><ou_filename>C:\Users\SamDavis\Documents\GitHub\SortieRuns\XMLs\101715-runs\dispersed_seeds.gz.tar</ou_filename><ou_gridInfo gridName="Dispersed Seeds"><ou_saveFreq>5</ou_saveFreq><ou_int>count</ou_int><ou_float>seeds_0</ou_float><ou_float>seeds_1</ou_float><ou_float>seeds_2</ou_float><ou_float>seeds_3</ou_float><ou_float>seeds_4</ou_float><ou_float>seeds_5</ou_float><ou_float>seeds_6</ou_float><ou_float>seeds_7</ou_float><ou_float>seeds_8</ou_float><ou_float>seeds_9</ou_float></ou_gridInfo></Output><ShortOutput><so_filename>C:\Users\SamDavis\Documents\GitHub\SortieRuns\test.out</so_filename><so_treeTypeInfo type="Seedling"><so_saveRDN save="false"/><so_saveADN save="true"/></so_treeTypeInfo><so_treeTypeInfo type="Sapling"><so_saveRBA save="true"/><so_saveABA save="true"/><so_saveRDN save="true"/><so_saveADN save="true"/></so_treeTypeInfo><so_treeTypeInfo type="Adult"><so_saveRBA save="true"/><so_saveABA save="true"/><so_saveRDN save="true"/><so_saveADN save="true"/></so_treeTypeInfo><so_treeTypeInfo type="Snag"><so_saveRBA save="true"/><so_saveABA save="true"/><so_saveRDN save="true"/><so_saveADN save="true"/></so_treeTypeInfo><so_deadTreeTypeInfo type="Seedling" reason="harvest"><so_saveADN save="true"/></so_deadTreeTypeInfo><so_deadTreeTypeInfo type="Seedling" reason="natural"><so_saveADN save="true"/></so_deadTreeTypeInfo><so_deadTreeTypeInfo type="Seedling" reason="disease"><so_saveADN save="true"/></so_deadTreeTypeInfo><so_deadTreeTypeInfo type="Seedling" reason="insects"><so_saveADN save="true"/></so_deadTreeTypeInfo><so_deadTreeTypeInfo type="Seedling" reason="storm"><so_saveADN save="true"/></so_deadTreeTypeInfo><so_deadTreeTypeInfo type="Sapling" reason="harvest"><so_saveABA save="true"/><so_saveADN save="true"/></so_deadTreeTypeInfo><so_deadTreeTypeInfo type="Sapling" reason="natural"><so_saveABA save="true"/><so_saveADN save="true"/></so_deadTreeTypeInfo><so_deadTreeTypeInfo type="Sapling" reason="disease"><so_saveABA save="true"/><so_saveADN save="true"/></so_deadTreeTypeInfo><so_deadTreeTypeInfo type="Sapling" reason="insects"><so_saveABA save="true"/><so_saveADN save="true"/></so_deadTreeTypeInfo><so_deadTreeTypeInfo type="Sapling" reason="storm"><so_saveABA save="true"/><so_saveADN save="true"/></so_deadTreeTypeInfo><so_deadTreeTypeInfo type="Adult" reason="harvest"><so_saveABA save="true"/><so_saveADN save="true"/></so_deadTreeTypeInfo><so_deadTreeTypeInfo type="Adult" reason="natural"><so_saveABA save="true"/><so_saveADN save="true"/></so_deadTreeTypeInfo><so_deadTreeTypeInfo type="Adult" reason="disease"><so_saveABA save="true"/><so_saveADN save="true"/></so_deadTreeTypeInfo><so_deadTreeTypeInfo type="Adult" reason="insects"><so_saveABA save="true"/><so_saveADN save="true"/></so_deadTreeTypeInfo><so_deadTreeTypeInfo type="Adult" reason="storm"><so_saveABA save="true"/><so_saveADN save="true"/></so_deadTreeTypeInfo><so_deadTreeTypeInfo type="Snag" reason="harvest"><so_saveABA save="true"/><so_saveADN save="true"/></so_deadTreeTypeInfo><so_deadTreeTypeInfo type="Snag" reason="natural"><so_saveABA save="true"/><so_saveADN save="true"/></so_deadTreeTypeInfo><so_deadTreeTypeInfo type="Snag" reason="disease"><so_saveABA save="true"/><so_saveADN save="true"/></so_deadTreeTypeInfo><so_deadTreeTypeInfo type="Snag" reason="insects"><so_saveABA save="true"/><so_saveADN save="true"/></so_deadTreeTypeInfo><so_deadTreeTypeInfo type="Snag" reason="storm"><so_saveABA save="true"/><so_saveADN save="true"/></so_deadTreeTypeInfo></ShortOutput></paramFile>