<?xml version="1.0" encoding="UTF-8"?><batchFile fileCode="06010401"><ba_parFile><ba_fileName>C:\Users\SamDavis\Documents\GitHub\SortieRuns\XMLs\102915-runs\BBB-noSdlDeath.xml</ba_fileName><ba_numTimesToRun>10</ba_numTimesToRun></ba_parFile><ba_parFile><ba_fileName>C:\Users\SamDavis\Documents\GitHub\SortieRuns\XMLs\102915-runs\EMR-noSdlDeath.xml</ba_fileName><ba_numTimesToRun>10</ba_numTimesToRun></ba_parFile><ba_parFile><ba_fileName>C:\Users\SamDavis\Documents\GitHub\SortieRuns\XMLs\102915-runs\FRP-noSdlDeath.xml</ba_fileName><ba_numTimesToRun>10</ba_numTimesToRun></ba_parFile><ba_parFile><ba_fileName>C:\Users\SamDavis\Documents\GitHub\SortieRuns\XMLs\102915-runs\PGA-noSdlDeath.xml</ba_fileName><ba_numTimesToRun>10</ba_numTimesToRun></ba_parFile><ba_parFile><ba_fileName>C:\Users\SamDavis\Documents\GitHub\SortieRuns\XMLs\102915-runs\POF-noSdlDeath.xml</ba_fileName><ba_numTimesToRun>10</ba_numTimesToRun></ba_parFile><ba_parFile><ba_fileName>C:\Users\SamDavis\Documents\GitHub\SortieRuns\XMLs\102915-runs\SFT-noSdlDeath.xml</ba_fileName><ba_numTimesToRun>10</ba_numTimesToRun></ba_parFile><ba_parFile><ba_fileName>C:\Users\SamDavis\Documents\GitHub\SortieRuns\XMLs\102915-runs\SUP-noSdlDeath.xml</ba_fileName><ba_numTimesToRun>10</ba_numTimesToRun></ba_parFile></batchFile>