<?xml version="1.0" encoding="UTF-8"?><batchFile fileCode="06010401"><ba_parFile><ba_fileName>C:\Users\SamDavis\Documents\GitHub\SortieRuns\XMLs\091015-runs\091015am9-BBBPIPO.xml</ba_fileName><ba_numTimesToRun>5</ba_numTimesToRun></ba_parFile><ba_parFile><ba_fileName>C:\Users\SamDavis\Documents\GitHub\SortieRuns\XMLs\091015-runs\091015am9-EMRIDGE.xml</ba_fileName><ba_numTimesToRun>5</ba_numTimesToRun></ba_parFile><ba_parFile><ba_fileName>C:\Users\SamDavis\Documents\GitHub\SortieRuns\XMLs\091015-runs\091015am9-FRPIJE.xml</ba_fileName><ba_numTimesToRun>5</ba_numTimesToRun></ba_parFile><ba_parFile><ba_fileName>C:\Users\SamDavis\Documents\GitHub\SortieRuns\XMLs\091015-runs\091015am9-PGABMA.xml</ba_fileName><ba_numTimesToRun>5</ba_numTimesToRun></ba_parFile><ba_parFile><ba_fileName>C:\Users\SamDavis\Documents\GitHub\SortieRuns\XMLs\091015-runs\091015am9-POFLABMA.xml</ba_fileName><ba_numTimesToRun>5</ba_numTimesToRun></ba_parFile><ba_parFile><ba_fileName>C:\Users\SamDavis\Documents\GitHub\SortieRuns\XMLs\091015-runs\091015am9-SFTRABMA.xml</ba_fileName><ba_numTimesToRun>5</ba_numTimesToRun></ba_parFile><ba_parFile><ba_fileName>C:\Users\SamDavis\Documents\GitHub\SortieRuns\XMLs\091015-runs\091015am9-SUPILA.xml</ba_fileName><ba_numTimesToRun>5</ba_numTimesToRun></ba_parFile><ba_parFile><ba_fileName>C:\Users\SamDavis\Documents\GitHub\SortieRuns\XMLs\091015-runs\091015am11-BBBPIPO.xml</ba_fileName><ba_numTimesToRun>5</ba_numTimesToRun></ba_parFile><ba_parFile><ba_fileName>C:\Users\SamDavis\Documents\GitHub\SortieRuns\XMLs\091015-runs\091015am11-EMRIDGE.xml</ba_fileName><ba_numTimesToRun>5</ba_numTimesToRun></ba_parFile><ba_parFile><ba_fileName>C:\Users\SamDavis\Documents\GitHub\SortieRuns\XMLs\091015-runs\091015am11-FRPIJE.xml</ba_fileName><ba_numTimesToRun>5</ba_numTimesToRun></ba_parFile><ba_parFile><ba_fileName>C:\Users\SamDavis\Documents\GitHub\SortieRuns\XMLs\091015-runs\091015am11-PGABMA.xml</ba_fileName><ba_numTimesToRun>5</ba_numTimesToRun></ba_parFile><ba_parFile><ba_fileName>C:\Users\SamDavis\Documents\GitHub\SortieRuns\XMLs\091015-runs\091015am11-POFLABMA.xml</ba_fileName><ba_numTimesToRun>5</ba_numTimesToRun></ba_parFile><ba_parFile><ba_fileName>C:\Users\SamDavis\Documents\GitHub\SortieRuns\XMLs\091015-runs\091015am11-SFTRABMA.xml</ba_fileName><ba_numTimesToRun>5</ba_numTimesToRun></ba_parFile><ba_parFile><ba_fileName>C:\Users\SamDavis\Documents\GitHub\SortieRuns\XMLs\091015-runs\091015am11-SUPILA.xml</ba_fileName><ba_numTimesToRun>5</ba_numTimesToRun></ba_parFile><ba_parFile><ba_fileName>C:\Users\SamDavis\Documents\GitHub\SortieRuns\XMLs\091015-runs\091015b2-BBBPIPO.xml</ba_fileName><ba_numTimesToRun>5</ba_numTimesToRun></ba_parFile><ba_parFile><ba_fileName>C:\Users\SamDavis\Documents\GitHub\SortieRuns\XMLs\091015-runs\091015b2-EMRIDGE.xml</ba_fileName><ba_numTimesToRun>5</ba_numTimesToRun></ba_parFile><ba_parFile><ba_fileName>C:\Users\SamDavis\Documents\GitHub\SortieRuns\XMLs\091015-runs\091015b2-FRPIJE.xml</ba_fileName><ba_numTimesToRun>5</ba_numTimesToRun></ba_parFile><ba_parFile><ba_fileName>C:\Users\SamDavis\Documents\GitHub\SortieRuns\XMLs\091015-runs\091015b2-PGABMA.xml</ba_fileName><ba_numTimesToRun>5</ba_numTimesToRun></ba_parFile><ba_parFile><ba_fileName>C:\Users\SamDavis\Documents\GitHub\SortieRuns\XMLs\091015-runs\091015b2-POFLABMA.xml</ba_fileName><ba_numTimesToRun>5</ba_numTimesToRun></ba_parFile><ba_parFile><ba_fileName>C:\Users\SamDavis\Documents\GitHub\SortieRuns\XMLs\091015-runs\091015b2-SFTRABMA.xml</ba_fileName><ba_numTimesToRun>5</ba_numTimesToRun></ba_parFile><ba_parFile><ba_fileName>C:\Users\SamDavis\Documents\GitHub\SortieRuns\XMLs\091015-runs\091015b2-SUPILA.xml</ba_fileName><ba_numTimesToRun>5</ba_numTimesToRun></ba_parFile><ba_parFile><ba_fileName>C:\Users\SamDavis\Documents\GitHub\SortieRuns\XMLs\091015-runs\091015b1-BBBPIPO.xml</ba_fileName><ba_numTimesToRun>5</ba_numTimesToRun></ba_parFile><ba_parFile><ba_fileName>C:\Users\SamDavis\Documents\GitHub\SortieRuns\XMLs\091015-runs\091015b1-EMRIDGE.xml</ba_fileName><ba_numTimesToRun>5</ba_numTimesToRun></ba_parFile><ba_parFile><ba_fileName>C:\Users\SamDavis\Documents\GitHub\SortieRuns\XMLs\091015-runs\091015b1-FRPIJE.xml</ba_fileName><ba_numTimesToRun>5</ba_numTimesToRun></ba_parFile><ba_parFile><ba_fileName>C:\Users\SamDavis\Documents\GitHub\SortieRuns\XMLs\091015-runs\091015b1-PGABMA.xml</ba_fileName><ba_numTimesToRun>5</ba_numTimesToRun></ba_parFile><ba_parFile><ba_fileName>C:\Users\SamDavis\Documents\GitHub\SortieRuns\XMLs\091015-runs\091015b1-POFLABMA.xml</ba_fileName><ba_numTimesToRun>5</ba_numTimesToRun></ba_parFile><ba_parFile><ba_fileName>C:\Users\SamDavis\Documents\GitHub\SortieRuns\XMLs\091015-runs\091015b1-SFTRABMA.xml</ba_fileName><ba_numTimesToRun>5</ba_numTimesToRun></ba_parFile><ba_parFile><ba_fileName>C:\Users\SamDavis\Documents\GitHub\SortieRuns\XMLs\091015-runs\091015b1-SUPILA.xml</ba_fileName><ba_numTimesToRun>5</ba_numTimesToRun></ba_parFile><ba_parFile><ba_fileName>C:\Users\SamDavis\Documents\GitHub\SortieRuns\XMLs\091015-runs\091015d9-BBBPIPO.xml</ba_fileName><ba_numTimesToRun>5</ba_numTimesToRun></ba_parFile><ba_parFile><ba_fileName>C:\Users\SamDavis\Documents\GitHub\SortieRuns\XMLs\091015-runs\091015d9-EMRIDGE.xml</ba_fileName><ba_numTimesToRun>5</ba_numTimesToRun></ba_parFile><ba_parFile><ba_fileName>C:\Users\SamDavis\Documents\GitHub\SortieRuns\XMLs\091015-runs\091015d9-FRPIJE.xml</ba_fileName><ba_numTimesToRun>5</ba_numTimesToRun></ba_parFile><ba_parFile><ba_fileName>C:\Users\SamDavis\Documents\GitHub\SortieRuns\XMLs\091015-runs\091015d9-PGABMA.xml</ba_fileName><ba_numTimesToRun>5</ba_numTimesToRun></ba_parFile><ba_parFile><ba_fileName>C:\Users\SamDavis\Documents\GitHub\SortieRuns\XMLs\091015-runs\091015d9-POFLABMA.xml</ba_fileName><ba_numTimesToRun>5</ba_numTimesToRun></ba_parFile><ba_parFile><ba_fileName>C:\Users\SamDavis\Documents\GitHub\SortieRuns\XMLs\091015-runs\091015d9-SUPILA.xml</ba_fileName><ba_numTimesToRun>5</ba_numTimesToRun></ba_parFile><ba_parFile><ba_fileName>C:\Users\SamDavis\Documents\GitHub\SortieRuns\XMLs\091015-runs\091015d11-BBBPIPO.xml</ba_fileName><ba_numTimesToRun>5</ba_numTimesToRun></ba_parFile><ba_parFile><ba_fileName>C:\Users\SamDavis\Documents\GitHub\SortieRuns\XMLs\091015-runs\091015d11-EMRIDGE.xml</ba_fileName><ba_numTimesToRun>5</ba_numTimesToRun></ba_parFile><ba_parFile><ba_fileName>C:\Users\SamDavis\Documents\GitHub\SortieRuns\XMLs\091015-runs\091015d11-FRPIJE.xml</ba_fileName><ba_numTimesToRun>5</ba_numTimesToRun></ba_parFile><ba_parFile><ba_fileName>C:\Users\SamDavis\Documents\GitHub\SortieRuns\XMLs\091015-runs\091015d11-PGABMA.xml</ba_fileName><ba_numTimesToRun>5</ba_numTimesToRun></ba_parFile><ba_parFile><ba_fileName>C:\Users\SamDavis\Documents\GitHub\SortieRuns\XMLs\091015-runs\091015d11-POFLABMA.xml</ba_fileName><ba_numTimesToRun>5</ba_numTimesToRun></ba_parFile><ba_parFile><ba_fileName>C:\Users\SamDavis\Documents\GitHub\SortieRuns\XMLs\091015-runs\091015d11-SFTRABMA.xml</ba_fileName><ba_numTimesToRun>5</ba_numTimesToRun></ba_parFile><ba_parFile><ba_fileName>C:\Users\SamDavis\Documents\GitHub\SortieRuns\XMLs\091015-runs\091015d11-SUPILA.xml</ba_fileName><ba_numTimesToRun>5</ba_numTimesToRun></ba_parFile><ba_parFile><ba_fileName>C:\Users\SamDavis\Documents\GitHub\SortieRuns\XMLs\091015-runs\091015g9-BBBPIPO.xml</ba_fileName><ba_numTimesToRun>5</ba_numTimesToRun></ba_parFile><ba_parFile><ba_fileName>C:\Users\SamDavis\Documents\GitHub\SortieRuns\XMLs\091015-runs\091015g9-EMRIDGE.xml</ba_fileName><ba_numTimesToRun>5</ba_numTimesToRun></ba_parFile><ba_parFile><ba_fileName>C:\Users\SamDavis\Documents\GitHub\SortieRuns\XMLs\091015-runs\091015g9-FRPIJE.xml</ba_fileName><ba_numTimesToRun>5</ba_numTimesToRun></ba_parFile><ba_parFile><ba_fileName>C:\Users\SamDavis\Documents\GitHub\SortieRuns\XMLs\091015-runs\091015g9-PGABMA.xml</ba_fileName><ba_numTimesToRun>5</ba_numTimesToRun></ba_parFile><ba_parFile><ba_fileName>C:\Users\SamDavis\Documents\GitHub\SortieRuns\XMLs\091015-runs\091015g9-POFLABMA.xml</ba_fileName><ba_numTimesToRun>5</ba_numTimesToRun></ba_parFile><ba_parFile><ba_fileName>C:\Users\SamDavis\Documents\GitHub\SortieRuns\XMLs\091015-runs\091015g9-SFTRABMA.xml</ba_fileName><ba_numTimesToRun>5</ba_numTimesToRun></ba_parFile><ba_parFile><ba_fileName>C:\Users\SamDavis\Documents\GitHub\SortieRuns\XMLs\091015-runs\091015g9-SUPILA.xml</ba_fileName><ba_numTimesToRun>5</ba_numTimesToRun></ba_parFile><ba_parFile><ba_fileName>C:\Users\SamDavis\Documents\GitHub\SortieRuns\XMLs\091015-runs\091015g11-BBBPIPO.xml</ba_fileName><ba_numTimesToRun>5</ba_numTimesToRun></ba_parFile><ba_parFile><ba_fileName>C:\Users\SamDavis\Documents\GitHub\SortieRuns\XMLs\091015-runs\091015g11-EMRIDGE.xml</ba_fileName><ba_numTimesToRun>5</ba_numTimesToRun></ba_parFile><ba_parFile><ba_fileName>C:\Users\SamDavis\Documents\GitHub\SortieRuns\XMLs\091015-runs\091015g11-FRPIJE.xml</ba_fileName><ba_numTimesToRun>5</ba_numTimesToRun></ba_parFile><ba_parFile><ba_fileName>C:\Users\SamDavis\Documents\GitHub\SortieRuns\XMLs\091015-runs\091015g11-PGABMA.xml</ba_fileName><ba_numTimesToRun>5</ba_numTimesToRun></ba_parFile><ba_parFile><ba_fileName>C:\Users\SamDavis\Documents\GitHub\SortieRuns\XMLs\091015-runs\091015g11-POFLABMA.xml</ba_fileName><ba_numTimesToRun>5</ba_numTimesToRun></ba_parFile><ba_parFile><ba_fileName>C:\Users\SamDavis\Documents\GitHub\SortieRuns\XMLs\091015-runs\091015g11-SFTRABMA.xml</ba_fileName><ba_numTimesToRun>5</ba_numTimesToRun></ba_parFile><ba_parFile><ba_fileName>C:\Users\SamDavis\Documents\GitHub\SortieRuns\XMLs\091015-runs\091015g11-SUPILA.xml</ba_fileName><ba_numTimesToRun>5</ba_numTimesToRun></ba_parFile><ba_parFile><ba_fileName>C:\Users\SamDavis\Documents\GitHub\SortieRuns\XMLs\091015-runs\091015sm9-BBBPIPO.xml</ba_fileName><ba_numTimesToRun>5</ba_numTimesToRun></ba_parFile><ba_parFile><ba_fileName>C:\Users\SamDavis\Documents\GitHub\SortieRuns\XMLs\091015-runs\091015sm9-EMRIDGE.xml</ba_fileName><ba_numTimesToRun>5</ba_numTimesToRun></ba_parFile><ba_parFile><ba_fileName>C:\Users\SamDavis\Documents\GitHub\SortieRuns\XMLs\091015-runs\091015sm9-FRPIJE.xml</ba_fileName><ba_numTimesToRun>5</ba_numTimesToRun></ba_parFile><ba_parFile><ba_fileName>C:\Users\SamDavis\Documents\GitHub\SortieRuns\XMLs\091015-runs\091015sm9-PGABMA.xml</ba_fileName><ba_numTimesToRun>5</ba_numTimesToRun></ba_parFile><ba_parFile><ba_fileName>C:\Users\SamDavis\Documents\GitHub\SortieRuns\XMLs\091015-runs\091015sm9-POFLABMA.xml</ba_fileName><ba_numTimesToRun>5</ba_numTimesToRun></ba_parFile><ba_parFile><ba_fileName>C:\Users\SamDavis\Documents\GitHub\SortieRuns\XMLs\091015-runs\091015sm9-SFTRABMA.xml</ba_fileName><ba_numTimesToRun>5</ba_numTimesToRun></ba_parFile><ba_parFile><ba_fileName>C:\Users\SamDavis\Documents\GitHub\SortieRuns\XMLs\091015-runs\091015sm9-SUPILA.xml</ba_fileName><ba_numTimesToRun>5</ba_numTimesToRun></ba_parFile><ba_parFile><ba_fileName>C:\Users\SamDavis\Documents\GitHub\SortieRuns\XMLs\091015-runs\091015sm11-BBBPIPO.xml</ba_fileName><ba_numTimesToRun>5</ba_numTimesToRun></ba_parFile><ba_parFile><ba_fileName>C:\Users\SamDavis\Documents\GitHub\SortieRuns\XMLs\091015-runs\091015sm11-EMRIDGE.xml</ba_fileName><ba_numTimesToRun>5</ba_numTimesToRun></ba_parFile><ba_parFile><ba_fileName>C:\Users\SamDavis\Documents\GitHub\SortieRuns\XMLs\091015-runs\091015sm11-FRPIJE.xml</ba_fileName><ba_numTimesToRun>5</ba_numTimesToRun></ba_parFile><ba_parFile><ba_fileName>C:\Users\SamDavis\Documents\GitHub\SortieRuns\XMLs\091015-runs\091015sm11-PGABMA.xml</ba_fileName><ba_numTimesToRun>5</ba_numTimesToRun></ba_parFile><ba_parFile><ba_fileName>C:\Users\SamDavis\Documents\GitHub\SortieRuns\XMLs\091015-runs\091015sm11-POFLABMA.xml</ba_fileName><ba_numTimesToRun>5</ba_numTimesToRun></ba_parFile><ba_parFile><ba_fileName>C:\Users\SamDavis\Documents\GitHub\SortieRuns\XMLs\091015-runs\091015sm11-SFTRABMA.xml</ba_fileName><ba_numTimesToRun>5</ba_numTimesToRun></ba_parFile><ba_parFile><ba_fileName>C:\Users\SamDavis\Documents\GitHub\SortieRuns\XMLs\091015-runs\091015sm11-SUPILA.xml</ba_fileName><ba_numTimesToRun>5</ba_numTimesToRun></ba_parFile><ba_parFile><ba_fileName>C:\Users\SamDavis\Documents\GitHub\SortieRuns\XMLs\091015-runs\091015str9-BBBPIPO.xml</ba_fileName><ba_numTimesToRun>5</ba_numTimesToRun></ba_parFile><ba_parFile><ba_fileName>C:\Users\SamDavis\Documents\GitHub\SortieRuns\XMLs\091015-runs\091015str9-EMRIDGE.xml</ba_fileName><ba_numTimesToRun>5</ba_numTimesToRun></ba_parFile><ba_parFile><ba_fileName>C:\Users\SamDavis\Documents\GitHub\SortieRuns\XMLs\091015-runs\091015str9-FRPIJE.xml</ba_fileName><ba_numTimesToRun>5</ba_numTimesToRun></ba_parFile><ba_parFile><ba_fileName>C:\Users\SamDavis\Documents\GitHub\SortieRuns\XMLs\091015-runs\091015str9-PGABMA.xml</ba_fileName><ba_numTimesToRun>5</ba_numTimesToRun></ba_parFile><ba_parFile><ba_fileName>C:\Users\SamDavis\Documents\GitHub\SortieRuns\XMLs\091015-runs\091015str9-POFLABMA.xml</ba_fileName><ba_numTimesToRun>5</ba_numTimesToRun></ba_parFile><ba_parFile><ba_fileName>C:\Users\SamDavis\Documents\GitHub\SortieRuns\XMLs\091015-runs\091015str9-SUPILA.xml</ba_fileName><ba_numTimesToRun>5</ba_numTimesToRun></ba_parFile><ba_parFile><ba_fileName>C:\Users\SamDavis\Documents\GitHub\SortieRuns\XMLs\091015-runs\091015str9-SFTRABMA.xml</ba_fileName><ba_numTimesToRun>5</ba_numTimesToRun></ba_parFile><ba_parFile><ba_fileName>C:\Users\SamDavis\Documents\GitHub\SortieRuns\XMLs\091015-runs\091015str11-BBBPIPO.xml</ba_fileName><ba_numTimesToRun>5</ba_numTimesToRun></ba_parFile><ba_parFile><ba_fileName>C:\Users\SamDavis\Documents\GitHub\SortieRuns\XMLs\091015-runs\091015str11-EMRIDGE.xml</ba_fileName><ba_numTimesToRun>5</ba_numTimesToRun></ba_parFile><ba_parFile><ba_fileName>C:\Users\SamDavis\Documents\GitHub\SortieRuns\XMLs\091015-runs\091015str11-FRPIJE.xml</ba_fileName><ba_numTimesToRun>5</ba_numTimesToRun></ba_parFile><ba_parFile><ba_fileName>C:\Users\SamDavis\Documents\GitHub\SortieRuns\XMLs\091015-runs\091015str11-PGABMA.xml</ba_fileName><ba_numTimesToRun>5</ba_numTimesToRun></ba_parFile><ba_parFile><ba_fileName>C:\Users\SamDavis\Documents\GitHub\SortieRuns\XMLs\091015-runs\091015str11-POFLABMA.xml</ba_fileName><ba_numTimesToRun>5</ba_numTimesToRun></ba_parFile><ba_parFile><ba_fileName>C:\Users\SamDavis\Documents\GitHub\SortieRuns\XMLs\091015-runs\091015str11-SFTRABMA.xml</ba_fileName><ba_numTimesToRun>5</ba_numTimesToRun></ba_parFile><ba_parFile><ba_fileName>C:\Users\SamDavis\Documents\GitHub\SortieRuns\XMLs\091015-runs\091015str11-SUPILA.xml</ba_fileName><ba_numTimesToRun>5</ba_numTimesToRun></ba_parFile></batchFile>