<?xml version="1.0" encoding="UTF-8"?><batchFile fileCode="06010401"><ba_parFile><ba_fileName>C:\Users\SamDavis\Documents\GitHub\SortieRuns\XMLs\081815-runs\081815b-BBBPIPO.xml</ba_fileName><ba_numTimesToRun>15</ba_numTimesToRun></ba_parFile><ba_parFile><ba_fileName>C:\Users\SamDavis\Documents\GitHub\SortieRuns\XMLs\081815-runs\081815b-EMRIDGE.xml</ba_fileName><ba_numTimesToRun>15</ba_numTimesToRun></ba_parFile><ba_parFile><ba_fileName>C:\Users\SamDavis\Documents\GitHub\SortieRuns\XMLs\081815-runs\081815b-FRPIJE.xml</ba_fileName><ba_numTimesToRun>15</ba_numTimesToRun></ba_parFile><ba_parFile><ba_fileName>C:\Users\SamDavis\Documents\GitHub\SortieRuns\XMLs\081815-runs\081815b-PGABMA.xml</ba_fileName><ba_numTimesToRun>15</ba_numTimesToRun></ba_parFile><ba_parFile><ba_fileName>C:\Users\SamDavis\Documents\GitHub\SortieRuns\XMLs\081815-runs\081815b-POFLABMA.xml</ba_fileName><ba_numTimesToRun>15</ba_numTimesToRun></ba_parFile><ba_parFile><ba_fileName>C:\Users\SamDavis\Documents\GitHub\SortieRuns\XMLs\081815-runs\081815b-SFTRABMA.xml</ba_fileName><ba_numTimesToRun>15</ba_numTimesToRun></ba_parFile><ba_parFile><ba_fileName>C:\Users\SamDavis\Documents\GitHub\SortieRuns\XMLs\081815-runs\081815b-SUPILA.xml</ba_fileName><ba_numTimesToRun>15</ba_numTimesToRun></ba_parFile></batchFile>