<?xml version="1.0" encoding="UTF-8"?><batchFile fileCode="06010401"><ba_parFile><ba_fileName>C:\Users\SamDavis\Documents\GitHub\SortieRuns\XMLs\081815-runs\081815c-BBBPIPO.xml</ba_fileName><ba_numTimesToRun>15</ba_numTimesToRun></ba_parFile><ba_parFile><ba_fileName>C:\Users\SamDavis\Documents\GitHub\SortieRuns\XMLs\081815-runs\081815c-EMRIDGE.xml</ba_fileName><ba_numTimesToRun>15</ba_numTimesToRun></ba_parFile><ba_parFile><ba_fileName>C:\Users\SamDavis\Documents\GitHub\SortieRuns\XMLs\081815-runs\081815c-FRPIJE.xml</ba_fileName><ba_numTimesToRun>15</ba_numTimesToRun></ba_parFile><ba_parFile><ba_fileName>C:\Users\SamDavis\Documents\GitHub\SortieRuns\XMLs\081815-runs\081815c-PGABMA.xml</ba_fileName><ba_numTimesToRun>15</ba_numTimesToRun></ba_parFile><ba_parFile><ba_fileName>C:\Users\SamDavis\Documents\GitHub\SortieRuns\XMLs\081815-runs\081815c-POFLABMA.xml</ba_fileName><ba_numTimesToRun>15</ba_numTimesToRun></ba_parFile><ba_parFile><ba_fileName>C:\Users\SamDavis\Documents\GitHub\SortieRuns\XMLs\081815-runs\081815c-SFTRABMA.xml</ba_fileName><ba_numTimesToRun>15</ba_numTimesToRun></ba_parFile><ba_parFile><ba_fileName>C:\Users\SamDavis\Documents\GitHub\SortieRuns\XMLs\081815-runs\081815c-SUPILA.xml</ba_fileName><ba_numTimesToRun>15</ba_numTimesToRun></ba_parFile></batchFile>