<?xml version="1.0" encoding="UTF-8" standalone="no" ?><paramFile fileCode="07020101"><plot><timesteps>30</timesteps><rt_timestep>0</rt_timestep><randomSeed>0</randomSeed><yearsPerTimestep>5.0</yearsPerTimestep><plot_lenX>200.0</plot_lenX><plot_lenY>200.0</plot_lenY><plot_latitude>37.73</plot_latitude><plot_precip_mm_yr>0.0</plot_precip_mm_yr><plot_seasonal_precipitation>0.0</plot_seasonal_precipitation><plot_water_deficit>0.0</plot_water_deficit><plot_temp_C>0.0</plot_temp_C><plot_n_dep>0.0</plot_n_dep><plot_title>Default parameter file-use for testing only</plot_title></plot><trees><tr_speciesList><tr_species speciesName="ABCO"/><tr_species speciesName="ABMA"/><tr_species speciesName="CADE"/><tr_species speciesName="PICO"/><tr_species speciesName="PIJE"/><tr_species speciesName="PILA"/><tr_species speciesName="PIMO"/><tr_species speciesName="PIPO"/><tr_species speciesName="PSME"/></tr_speciesList><tr_sizeClasses><tr_sizeClass sizeKey="s1.0"/><tr_sizeClass sizeKey="s10.0"/><tr_sizeClass sizeKey="s20.0"/></tr_sizeClasses><tr_initialDensities><tr_idVals whatSpecies="ABCO"><tr_initialDensity sizeClass="s1.0">25.0</tr_initialDensity></tr_idVals><tr_idVals whatSpecies="ABMA"><tr_initialDensity sizeClass="s1.0">25.0</tr_initialDensity></tr_idVals><tr_idVals whatSpecies="CADE"><tr_initialDensity sizeClass="s1.0">25.0</tr_initialDensity></tr_idVals><tr_idVals whatSpecies="PICO"><tr_initialDensity sizeClass="s1.0">25.0</tr_initialDensity></tr_idVals><tr_idVals whatSpecies="PIJE"><tr_initialDensity sizeClass="s1.0">25.0</tr_initialDensity></tr_idVals><tr_idVals whatSpecies="PILA"><tr_initialDensity sizeClass="s1.0">25.0</tr_initialDensity></tr_idVals><tr_idVals whatSpecies="PIMO"><tr_initialDensity sizeClass="s1.0">25.0</tr_initialDensity></tr_idVals><tr_idVals whatSpecies="PIPO"><tr_initialDensity sizeClass="s1.0">25.0</tr_initialDensity></tr_idVals><tr_idVals whatSpecies="PSME"><tr_initialDensity sizeClass="s1.0">25.0</tr_initialDensity></tr_idVals></tr_initialDensities><tr_seedDiam10Cm>0.2</tr_seedDiam10Cm><tr_minAdultDBH><tr_madVal species="ABCO">12.0</tr_madVal><tr_madVal species="ABMA">16.0</tr_madVal><tr_madVal species="CADE">5.0</tr_madVal><tr_madVal species="PICO">5.0</tr_madVal><tr_madVal species="PIJE">5.0</tr_madVal><tr_madVal species="PILA">22.0</tr_madVal><tr_madVal species="PIMO">5.0</tr_madVal><tr_madVal species="PIPO">15.0</tr_madVal><tr_madVal species="PSME">9.0</tr_madVal></tr_minAdultDBH><tr_maxSeedlingHeight><tr_mshVal species="ABCO">1.35</tr_mshVal><tr_mshVal species="ABMA">1.35</tr_mshVal><tr_mshVal species="CADE">1.35</tr_mshVal><tr_mshVal species="PICO">1.35</tr_mshVal><tr_mshVal species="PIJE">1.35</tr_mshVal><tr_mshVal species="PILA">1.35</tr_mshVal><tr_mshVal species="PIMO">1.35</tr_mshVal><tr_mshVal species="PIPO">1.35</tr_mshVal><tr_mshVal species="PSME">1.35</tr_mshVal></tr_maxSeedlingHeight></trees><behaviorList><behavior><behaviorName>QuadratLight</behaviorName><version>1.0</version><listPosition>1</listPosition><applyTo species="ABCO" type="Seedling"/><applyTo species="ABMA" type="Seedling"/><applyTo species="CADE" type="Seedling"/><applyTo species="PICO" type="Seedling"/><applyTo species="PIJE" type="Seedling"/><applyTo species="PILA" type="Seedling"/><applyTo species="PIMO" type="Seedling"/><applyTo species="PIPO" type="Seedling"/><applyTo species="PSME" type="Seedling"/></behavior><behavior><behaviorName>GLILight</behaviorName><version>1.0</version><listPosition>2</listPosition><applyTo species="ABCO" type="Sapling"/><applyTo species="ABMA" type="Sapling"/><applyTo species="CADE" type="Sapling"/><applyTo species="PICO" type="Sapling"/><applyTo species="PIJE" type="Sapling"/><applyTo species="PILA" type="Sapling"/><applyTo species="PIMO" type="Sapling"/><applyTo species="PIPO" type="Sapling"/><applyTo species="PSME" type="Sapling"/><applyTo species="ABCO" type="Adult"/><applyTo species="ABMA" type="Adult"/><applyTo species="CADE" type="Adult"/><applyTo species="PICO" type="Adult"/><applyTo species="PIJE" type="Adult"/><applyTo species="PILA" type="Adult"/><applyTo species="PIMO" type="Adult"/><applyTo species="PIPO" type="Adult"/><applyTo species="PSME" type="Adult"/></behavior><behavior><behaviorName>SimpleLinearGrowth</behaviorName><version>1.0</version><listPosition>3</listPosition><applyTo species="ABCO" type="Adult"/><applyTo species="ABMA" type="Adult"/><applyTo species="CADE" type="Adult"/><applyTo species="PICO" type="Adult"/><applyTo species="PIJE" type="Adult"/><applyTo species="PILA" type="Adult"/><applyTo species="PIMO" type="Adult"/><applyTo species="PIPO" type="Adult"/><applyTo species="PSME" type="Adult"/><applyTo species="ABCO" type="Seedling"/><applyTo species="ABCO" type="Sapling"/><applyTo species="ABMA" type="Seedling"/><applyTo species="ABMA" type="Sapling"/><applyTo species="CADE" type="Seedling"/><applyTo species="CADE" type="Sapling"/><applyTo species="PICO" type="Seedling"/><applyTo species="PICO" type="Sapling"/><applyTo species="PIJE" type="Seedling"/><applyTo species="PIJE" type="Sapling"/><applyTo species="PILA" type="Seedling"/><applyTo species="PILA" type="Sapling"/><applyTo species="PIMO" type="Seedling"/><applyTo species="PIMO" type="Sapling"/><applyTo species="PIPO" type="Seedling"/><applyTo species="PIPO" type="Sapling"/><applyTo species="PSME" type="Seedling"/><applyTo species="PSME" type="Sapling"/></behavior><behavior><behaviorName>StochasticMortality</behaviorName><version>1.0</version><listPosition>4</listPosition><applyTo species="ABCO" type="Adult"/><applyTo species="ABMA" type="Adult"/><applyTo species="CADE" type="Adult"/><applyTo species="PICO" type="Adult"/><applyTo species="PIJE" type="Adult"/><applyTo species="PILA" type="Adult"/><applyTo species="PIMO" type="Adult"/><applyTo species="PIPO" type="Adult"/><applyTo species="PSME" type="Adult"/></behavior><behavior><behaviorName>StochasticMortality</behaviorName><version>1.0</version><listPosition>5</listPosition><applyTo species="ABCO" type="Seedling"/><applyTo species="ABMA" type="Seedling"/><applyTo species="CADE" type="Seedling"/><applyTo species="PICO" type="Seedling"/><applyTo species="PIJE" type="Seedling"/><applyTo species="PILA" type="Seedling"/><applyTo species="PIMO" type="Seedling"/><applyTo species="PIPO" type="Seedling"/><applyTo species="PSME" type="Seedling"/><applyTo species="ABCO" type="Sapling"/><applyTo species="ABMA" type="Sapling"/><applyTo species="CADE" type="Sapling"/><applyTo species="PICO" type="Sapling"/><applyTo species="PIJE" type="Sapling"/><applyTo species="PILA" type="Sapling"/><applyTo species="PIMO" type="Sapling"/><applyTo species="PIPO" type="Sapling"/><applyTo species="PSME" type="Sapling"/></behavior><behavior><behaviorName>RemoveDead</behaviorName><version>3.0</version><listPosition>6</listPosition><applyTo species="ABCO" type="Adult"/><applyTo species="ABMA" type="Adult"/><applyTo species="CADE" type="Adult"/><applyTo species="PICO" type="Adult"/><applyTo species="PIJE" type="Adult"/><applyTo species="PILA" type="Adult"/><applyTo species="PIMO" type="Adult"/><applyTo species="PIPO" type="Adult"/><applyTo species="PSME" type="Adult"/><applyTo species="ABCO" type="Seedling"/><applyTo species="ABMA" type="Seedling"/><applyTo species="CADE" type="Seedling"/><applyTo species="PICO" type="Seedling"/><applyTo species="PIJE" type="Seedling"/><applyTo species="PILA" type="Seedling"/><applyTo species="PIMO" type="Seedling"/><applyTo species="PIPO" type="Seedling"/><applyTo species="PSME" type="Seedling"/><applyTo species="ABCO" type="Sapling"/><applyTo species="ABMA" type="Sapling"/><applyTo species="CADE" type="Sapling"/><applyTo species="PICO" type="Sapling"/><applyTo species="PIJE" type="Sapling"/><applyTo species="PILA" type="Sapling"/><applyTo species="PIMO" type="Sapling"/><applyTo species="PIPO" type="Sapling"/><applyTo species="PSME" type="Sapling"/></behavior><behavior><behaviorName>NonGapDisperse</behaviorName><version>1.0</version><listPosition>7</listPosition><applyTo species="ABCO" type="Adult"/><applyTo species="ABMA" type="Adult"/><applyTo species="CADE" type="Adult"/><applyTo species="PICO" type="Adult"/><applyTo species="PIJE" type="Adult"/><applyTo species="PILA" type="Adult"/><applyTo species="PIMO" type="Adult"/><applyTo species="PIPO" type="Adult"/><applyTo species="PSME" type="Adult"/></behavior><behavior><behaviorName>Establishment</behaviorName><version>1.0</version><listPosition>8</listPosition><applyTo species="ABCO" type="Seed"/><applyTo species="ABMA" type="Seed"/><applyTo species="CADE" type="Seed"/><applyTo species="PICO" type="Seed"/><applyTo species="PIJE" type="Seed"/><applyTo species="PILA" type="Seed"/><applyTo species="PIMO" type="Seed"/><applyTo species="PIPO" type="Seed"/><applyTo species="PSME" type="Seed"/></behavior></behaviorList><allometry><tr_whatAdultHeightDiam><tr_wahdVal species="ABCO">0</tr_wahdVal><tr_wahdVal species="ABMA">0</tr_wahdVal><tr_wahdVal species="CADE">0</tr_wahdVal><tr_wahdVal species="PICO">0</tr_wahdVal><tr_wahdVal species="PIJE">0</tr_wahdVal><tr_wahdVal species="PILA">0</tr_wahdVal><tr_wahdVal species="PIMO">0</tr_wahdVal><tr_wahdVal species="PIPO">0</tr_wahdVal><tr_wahdVal species="PSME">0</tr_wahdVal></tr_whatAdultHeightDiam><tr_whatSaplingHeightDiam><tr_wsahdVal species="ABCO">0</tr_wsahdVal><tr_wsahdVal species="ABMA">0</tr_wsahdVal><tr_wsahdVal species="CADE">0</tr_wsahdVal><tr_wsahdVal species="PICO">0</tr_wsahdVal><tr_wsahdVal species="PIJE">0</tr_wsahdVal><tr_wsahdVal species="PILA">0</tr_wsahdVal><tr_wsahdVal species="PIMO">0</tr_wsahdVal><tr_wsahdVal species="PIPO">0</tr_wsahdVal><tr_wsahdVal species="PSME">0</tr_wsahdVal></tr_whatSaplingHeightDiam><tr_whatSeedlingHeightDiam><tr_wsehdVal species="ABCO">0</tr_wsehdVal><tr_wsehdVal species="ABMA">0</tr_wsehdVal><tr_wsehdVal species="CADE">0</tr_wsehdVal><tr_wsehdVal species="PICO">0</tr_wsehdVal><tr_wsehdVal species="PIJE">0</tr_wsehdVal><tr_wsehdVal species="PILA">0</tr_wsehdVal><tr_wsehdVal species="PIMO">0</tr_wsehdVal><tr_wsehdVal species="PIPO">0</tr_wsehdVal><tr_wsehdVal species="PSME">0</tr_wsehdVal></tr_whatSeedlingHeightDiam><tr_whatAdultCrownRadDiam><tr_wacrdVal species="ABCO">0</tr_wacrdVal><tr_wacrdVal species="ABMA">0</tr_wacrdVal><tr_wacrdVal species="CADE">0</tr_wacrdVal><tr_wacrdVal species="PICO">0</tr_wacrdVal><tr_wacrdVal species="PIJE">0</tr_wacrdVal><tr_wacrdVal species="PILA">0</tr_wacrdVal><tr_wacrdVal species="PIMO">0</tr_wacrdVal><tr_wacrdVal species="PIPO">0</tr_wacrdVal><tr_wacrdVal species="PSME">0</tr_wacrdVal></tr_whatAdultCrownRadDiam><tr_whatSaplingCrownRadDiam><tr_wscrdVal species="ABCO">0</tr_wscrdVal><tr_wscrdVal species="ABMA">0</tr_wscrdVal><tr_wscrdVal species="CADE">0</tr_wscrdVal><tr_wscrdVal species="PICO">0</tr_wscrdVal><tr_wscrdVal species="PIJE">0</tr_wscrdVal><tr_wscrdVal species="PILA">0</tr_wscrdVal><tr_wscrdVal species="PIMO">0</tr_wscrdVal><tr_wscrdVal species="PIPO">0</tr_wscrdVal><tr_wscrdVal species="PSME">0</tr_wscrdVal></tr_whatSaplingCrownRadDiam><tr_whatAdultCrownHeightHeight><tr_wachhVal species="ABCO">0</tr_wachhVal><tr_wachhVal species="ABMA">0</tr_wachhVal><tr_wachhVal species="CADE">0</tr_wachhVal><tr_wachhVal species="PICO">0</tr_wachhVal><tr_wachhVal species="PIJE">0</tr_wachhVal><tr_wachhVal species="PILA">0</tr_wachhVal><tr_wachhVal species="PIMO">0</tr_wachhVal><tr_wachhVal species="PIPO">0</tr_wachhVal><tr_wachhVal species="PSME">0</tr_wachhVal></tr_whatAdultCrownHeightHeight><tr_whatSaplingCrownHeightHeight><tr_wschhVal species="ABCO">0</tr_wschhVal><tr_wschhVal species="ABMA">0</tr_wschhVal><tr_wschhVal species="CADE">0</tr_wschhVal><tr_wschhVal species="PICO">0</tr_wschhVal><tr_wschhVal species="PIJE">0</tr_wschhVal><tr_wschhVal species="PILA">0</tr_wschhVal><tr_wschhVal species="PIMO">0</tr_wschhVal><tr_wschhVal species="PIPO">0</tr_wschhVal><tr_wschhVal species="PSME">0</tr_wschhVal></tr_whatSaplingCrownHeightHeight><tr_canopyHeight><tr_chVal species="ABCO">64.3</tr_chVal><tr_chVal species="ABMA">67.1</tr_chVal><tr_chVal species="CADE">58.2</tr_chVal><tr_chVal species="PICO">44.8</tr_chVal><tr_chVal species="PIJE">58.5</tr_chVal><tr_chVal species="PILA">75.6</tr_chVal><tr_chVal species="PIMO">54.6</tr_chVal><tr_chVal species="PIPO">68.9</tr_chVal><tr_chVal species="PSME">82.3</tr_chVal></tr_canopyHeight><tr_stdAsympCrownRad><tr_sacrVal species="ABCO">0.0568</tr_sacrVal><tr_sacrVal species="ABMA">0.0424</tr_sacrVal><tr_sacrVal species="CADE">0.0508</tr_sacrVal><tr_sacrVal species="PICO">0.0717</tr_sacrVal><tr_sacrVal species="PIJE">0.0223</tr_sacrVal><tr_sacrVal species="PILA">0.0543</tr_sacrVal><tr_sacrVal species="PIMO">0.0577</tr_sacrVal><tr_sacrVal species="PIPO">0.0467</tr_sacrVal><tr_sacrVal species="PSME">0.0659</tr_sacrVal></tr_stdAsympCrownRad><tr_stdCrownRadExp><tr_screVal species="ABCO">1.0</tr_screVal><tr_screVal species="ABMA">1.0</tr_screVal><tr_screVal species="CADE">1.0</tr_screVal><tr_screVal species="PICO">1.0</tr_screVal><tr_screVal species="PIJE">1.0</tr_screVal><tr_screVal species="PILA">1.0</tr_screVal><tr_screVal species="PIMO">1.0</tr_screVal><tr_screVal species="PIPO">1.0</tr_screVal><tr_screVal species="PSME">1.0</tr_screVal></tr_stdCrownRadExp><tr_stdAsympCrownHt><tr_sachVal species="ABCO">0.504</tr_sachVal><tr_sachVal species="ABMA">0.513</tr_sachVal><tr_sachVal species="CADE">0.476</tr_sachVal><tr_sachVal species="PICO">0.548</tr_sachVal><tr_sachVal species="PIJE">0.535</tr_sachVal><tr_sachVal species="PILA">0.504</tr_sachVal><tr_sachVal species="PIMO">0.607</tr_sachVal><tr_sachVal species="PIPO">0.504</tr_sachVal><tr_sachVal species="PSME">0.475</tr_sachVal></tr_stdAsympCrownHt><tr_stdCrownHtExp><tr_scheVal species="ABCO">1.0</tr_scheVal><tr_scheVal species="ABMA">1.0</tr_scheVal><tr_scheVal species="CADE">1.0</tr_scheVal><tr_scheVal species="PICO">1.0</tr_scheVal><tr_scheVal species="PIJE">1.0</tr_scheVal><tr_scheVal species="PILA">1.0</tr_scheVal><tr_scheVal species="PIMO">1.0</tr_scheVal><tr_scheVal species="PIPO">1.0</tr_scheVal><tr_scheVal species="PSME">1.0</tr_scheVal></tr_stdCrownHtExp><tr_conversionDiam10ToDBH><tr_cdtdVal species="ABCO">0.75</tr_cdtdVal><tr_cdtdVal species="ABMA">0.75</tr_cdtdVal><tr_cdtdVal species="CADE">0.75</tr_cdtdVal><tr_cdtdVal species="PICO">0.75</tr_cdtdVal><tr_cdtdVal species="PIJE">0.75</tr_cdtdVal><tr_cdtdVal species="PILA">0.75</tr_cdtdVal><tr_cdtdVal species="PIMO">0.75</tr_cdtdVal><tr_cdtdVal species="PIPO">0.75</tr_cdtdVal><tr_cdtdVal species="PSME">0.75</tr_cdtdVal></tr_conversionDiam10ToDBH><tr_interceptDiam10ToDBH><tr_idtdVal species="ABCO">0.0</tr_idtdVal><tr_idtdVal species="ABMA">0.0</tr_idtdVal><tr_idtdVal species="CADE">0.0</tr_idtdVal><tr_idtdVal species="PICO">0.0</tr_idtdVal><tr_idtdVal species="PIJE">0.0</tr_idtdVal><tr_idtdVal species="PILA">0.0</tr_idtdVal><tr_idtdVal species="PIMO">0.0</tr_idtdVal><tr_idtdVal species="PIPO">0.0</tr_idtdVal><tr_idtdVal species="PSME">0.0</tr_idtdVal></tr_interceptDiam10ToDBH><tr_slopeOfAsymHeight><tr_soahVal species="ABCO">0.0055</tr_soahVal><tr_soahVal species="ABMA">0.0059</tr_soahVal><tr_soahVal species="CADE">0.0051</tr_soahVal><tr_soahVal species="PICO">0.0102</tr_soahVal><tr_soahVal species="PIJE">0.0061</tr_soahVal><tr_soahVal species="PILA">0.0055</tr_soahVal><tr_soahVal species="PIMO">0.0077</tr_soahVal><tr_soahVal species="PIPO">0.005</tr_soahVal><tr_soahVal species="PSME">0.0043</tr_soahVal></tr_slopeOfAsymHeight><tr_slopeOfHeight-Diam10><tr_sohdVal species="ABCO">0.03</tr_sohdVal><tr_sohdVal species="ABMA">0.03</tr_sohdVal><tr_sohdVal species="CADE">0.03</tr_sohdVal><tr_sohdVal species="PICO">0.03</tr_sohdVal><tr_sohdVal species="PIJE">0.03</tr_sohdVal><tr_sohdVal species="PILA">0.03</tr_sohdVal><tr_sohdVal species="PIMO">0.03</tr_sohdVal><tr_sohdVal species="PIPO">0.03</tr_sohdVal><tr_sohdVal species="PSME">0.03</tr_sohdVal></tr_slopeOfHeight-Diam10><tr_adultLinearSlope><tr_alsVal species="ABCO">0.0</tr_alsVal><tr_alsVal species="ABMA">0.0</tr_alsVal><tr_alsVal species="CADE">0.0</tr_alsVal><tr_alsVal species="PICO">0.0</tr_alsVal><tr_alsVal species="PIJE">0.0</tr_alsVal><tr_alsVal species="PILA">0.0</tr_alsVal><tr_alsVal species="PIMO">0.0</tr_alsVal><tr_alsVal species="PIPO">0.0</tr_alsVal><tr_alsVal species="PSME">0.0</tr_alsVal></tr_adultLinearSlope><tr_adultLinearIntercept><tr_aliVal species="ABCO">0.0</tr_aliVal><tr_aliVal species="ABMA">0.0</tr_aliVal><tr_aliVal species="CADE">0.0</tr_aliVal><tr_aliVal species="PICO">0.0</tr_aliVal><tr_aliVal species="PIJE">0.0</tr_aliVal><tr_aliVal species="PILA">0.0</tr_aliVal><tr_aliVal species="PIMO">0.0</tr_aliVal><tr_aliVal species="PIPO">0.0</tr_aliVal><tr_aliVal species="PSME">0.0</tr_aliVal></tr_adultLinearIntercept><tr_adultReverseLinearSlope><tr_arlsVal species="ABCO">0.0</tr_arlsVal><tr_arlsVal species="ABMA">0.0</tr_arlsVal><tr_arlsVal species="CADE">0.0</tr_arlsVal><tr_arlsVal species="PICO">0.0</tr_arlsVal><tr_arlsVal species="PIJE">0.0</tr_arlsVal><tr_arlsVal species="PILA">0.0</tr_arlsVal><tr_arlsVal species="PIMO">0.0</tr_arlsVal><tr_arlsVal species="PIPO">0.0</tr_arlsVal><tr_arlsVal species="PSME">0.0</tr_arlsVal></tr_adultReverseLinearSlope><tr_adultReverseLinearIntercept><tr_arliVal species="ABCO">0.0</tr_arliVal><tr_arliVal species="ABMA">0.0</tr_arliVal><tr_arliVal species="CADE">0.0</tr_arliVal><tr_arliVal species="PICO">0.0</tr_arliVal><tr_arliVal species="PIJE">0.0</tr_arliVal><tr_arliVal species="PILA">0.0</tr_arliVal><tr_arliVal species="PIMO">0.0</tr_arliVal><tr_arliVal species="PIPO">0.0</tr_arliVal><tr_arliVal species="PSME">0.0</tr_arliVal></tr_adultReverseLinearIntercept><tr_saplingLinearSlope><tr_salsVal species="ABCO">0.0</tr_salsVal><tr_salsVal species="ABMA">0.0</tr_salsVal><tr_salsVal species="CADE">0.0</tr_salsVal><tr_salsVal species="PICO">0.0</tr_salsVal><tr_salsVal species="PIJE">0.0</tr_salsVal><tr_salsVal species="PILA">0.0</tr_salsVal><tr_salsVal species="PIMO">0.0</tr_salsVal><tr_salsVal species="PIPO">0.0</tr_salsVal><tr_salsVal species="PSME">0.0</tr_salsVal></tr_saplingLinearSlope><tr_saplingLinearIntercept><tr_saliVal species="ABCO">0.0</tr_saliVal><tr_saliVal species="ABMA">0.0</tr_saliVal><tr_saliVal species="CADE">0.0</tr_saliVal><tr_saliVal species="PICO">0.0</tr_saliVal><tr_saliVal species="PIJE">0.0</tr_saliVal><tr_saliVal species="PILA">0.0</tr_saliVal><tr_saliVal species="PIMO">0.0</tr_saliVal><tr_saliVal species="PIPO">0.0</tr_saliVal><tr_saliVal species="PSME">0.0</tr_saliVal></tr_saplingLinearIntercept><tr_saplingReverseLinearSlope><tr_sarlsVal species="ABCO">0.0</tr_sarlsVal><tr_sarlsVal species="ABMA">0.0</tr_sarlsVal><tr_sarlsVal species="CADE">0.0</tr_sarlsVal><tr_sarlsVal species="PICO">0.0</tr_sarlsVal><tr_sarlsVal species="PIJE">0.0</tr_sarlsVal><tr_sarlsVal species="PILA">0.0</tr_sarlsVal><tr_sarlsVal species="PIMO">0.0</tr_sarlsVal><tr_sarlsVal species="PIPO">0.0</tr_sarlsVal><tr_sarlsVal species="PSME">0.0</tr_sarlsVal></tr_saplingReverseLinearSlope><tr_saplingReverseLinearIntercept><tr_sarliVal species="ABCO">0.0</tr_sarliVal><tr_sarliVal species="ABMA">0.0</tr_sarliVal><tr_sarliVal species="CADE">0.0</tr_sarliVal><tr_sarliVal species="PICO">0.0</tr_sarliVal><tr_sarliVal species="PIJE">0.0</tr_sarliVal><tr_sarliVal species="PILA">0.0</tr_sarliVal><tr_sarliVal species="PIMO">0.0</tr_sarliVal><tr_sarliVal species="PIPO">0.0</tr_sarliVal><tr_sarliVal species="PSME">0.0</tr_sarliVal></tr_saplingReverseLinearIntercept><tr_seedlingLinearSlope><tr_selsVal species="ABCO">0.0</tr_selsVal><tr_selsVal species="ABMA">0.0</tr_selsVal><tr_selsVal species="CADE">0.0</tr_selsVal><tr_selsVal species="PICO">0.0</tr_selsVal><tr_selsVal species="PIJE">0.0</tr_selsVal><tr_selsVal species="PILA">0.0</tr_selsVal><tr_selsVal species="PIMO">0.0</tr_selsVal><tr_selsVal species="PIPO">0.0</tr_selsVal><tr_selsVal species="PSME">0.0</tr_selsVal></tr_seedlingLinearSlope><tr_seedlingLinearIntercept><tr_seliVal species="ABCO">0.0</tr_seliVal><tr_seliVal species="ABMA">0.0</tr_seliVal><tr_seliVal species="CADE">0.0</tr_seliVal><tr_seliVal species="PICO">0.0</tr_seliVal><tr_seliVal species="PIJE">0.0</tr_seliVal><tr_seliVal species="PILA">0.0</tr_seliVal><tr_seliVal species="PIMO">0.0</tr_seliVal><tr_seliVal species="PIPO">0.0</tr_seliVal><tr_seliVal species="PSME">0.0</tr_seliVal></tr_seedlingLinearIntercept><tr_seedlingReverseLinearSlope><tr_serlsVal species="ABCO">0.0</tr_serlsVal><tr_serlsVal species="ABMA">0.0</tr_serlsVal><tr_serlsVal species="CADE">0.0</tr_serlsVal><tr_serlsVal species="PICO">0.0</tr_serlsVal><tr_serlsVal species="PIJE">0.0</tr_serlsVal><tr_serlsVal species="PILA">0.0</tr_serlsVal><tr_serlsVal species="PIMO">0.0</tr_serlsVal><tr_serlsVal species="PIPO">0.0</tr_serlsVal><tr_serlsVal species="PSME">0.0</tr_serlsVal></tr_seedlingReverseLinearSlope><tr_seedlingReverseLinearIntercept><tr_serliVal species="ABCO">0.0</tr_serliVal><tr_serliVal species="ABMA">0.0</tr_serliVal><tr_serliVal species="CADE">0.0</tr_serliVal><tr_serliVal species="PICO">0.0</tr_serliVal><tr_serliVal species="PIJE">0.0</tr_serliVal><tr_serliVal species="PILA">0.0</tr_serliVal><tr_serliVal species="PIMO">0.0</tr_serliVal><tr_serliVal species="PIPO">0.0</tr_serliVal><tr_serliVal species="PSME">0.0</tr_serliVal></tr_seedlingReverseLinearIntercept></allometry><GeneralLight><li_lightExtinctionCoefficient><li_lecVal species="ABCO">0.175</li_lecVal><li_lecVal species="ABMA">0.146</li_lecVal><li_lecVal species="CADE">0.187</li_lecVal><li_lecVal species="PICO">0.186</li_lecVal><li_lecVal species="PIJE">0.237</li_lecVal><li_lecVal species="PILA">0.191</li_lecVal><li_lecVal species="PIMO">0.176</li_lecVal><li_lecVal species="PIPO">0.211</li_lecVal><li_lecVal species="PSME">0.194</li_lecVal></li_lightExtinctionCoefficient><li_beamFractGlobalRad>0.5</li_beamFractGlobalRad><li_clearSkyTransCoeff>0.65</li_clearSkyTransCoeff><li_julianDayGrowthStarts>120</li_julianDayGrowthStarts><li_julianDayGrowthEnds>270</li_julianDayGrowthEnds></GeneralLight><QuadratLight1><li_numAziGrids>18</li_numAziGrids><li_numAltGrids>12</li_numAltGrids><li_minSunAngle>0.779</li_minSunAngle><li_quadratLightHeight>0.675</li_quadratLightHeight><li_quadratAllGLIs>0</li_quadratAllGLIs></QuadratLight1><GLILight2><li_numAziGrids>18</li_numAziGrids><li_numAltGrids>12</li_numAltGrids><li_minSunAngle>0.779</li_minSunAngle><li_heightOfFishEyePhoto>0</li_heightOfFishEyePhoto></GLILight2><SimpleLinearGrowth3><gr_diamSimpleLinearIntercept><gr_dsliVal species="ABCO">0.0</gr_dsliVal><gr_dsliVal species="ABMA">0.0</gr_dsliVal><gr_dsliVal species="CADE">0.0</gr_dsliVal><gr_dsliVal species="PICO">0.0</gr_dsliVal><gr_dsliVal species="PIJE">0.0</gr_dsliVal><gr_dsliVal species="PILA">0.0</gr_dsliVal><gr_dsliVal species="PIMO">0.0</gr_dsliVal><gr_dsliVal species="PIPO">0.0</gr_dsliVal><gr_dsliVal species="PSME">0.0</gr_dsliVal></gr_diamSimpleLinearIntercept><gr_diamSimpleLinearSlope><gr_dslsVal species="ABCO">0.0637</gr_dslsVal><gr_dslsVal species="ABMA">0.0492</gr_dslsVal><gr_dslsVal species="CADE">0.0615</gr_dslsVal><gr_dslsVal species="PICO">0.0273</gr_dslsVal><gr_dslsVal species="PIJE">0.0761</gr_dslsVal><gr_dslsVal species="PILA">0.0642</gr_dslsVal><gr_dslsVal species="PIMO">0.1</gr_dslsVal><gr_dslsVal species="PIPO">0.0841</gr_dslsVal><gr_dslsVal species="PSME">0.0687</gr_dslsVal></gr_diamSimpleLinearSlope></SimpleLinearGrowth3><StochasticMortality4><mo_stochasticMortRate><mo_smrVal species="ABCO">0.02</mo_smrVal><mo_smrVal species="ABMA">0.02</mo_smrVal><mo_smrVal species="CADE">0.02</mo_smrVal><mo_smrVal species="PICO">0.02</mo_smrVal><mo_smrVal species="PIJE">0.02</mo_smrVal><mo_smrVal species="PILA">0.02</mo_smrVal><mo_smrVal species="PIMO">0.02</mo_smrVal><mo_smrVal species="PIPO">0.02</mo_smrVal><mo_smrVal species="PSME">0.02</mo_smrVal></mo_stochasticMortRate></StochasticMortality4><StochasticMortality5><mo_stochasticMortRate><mo_smrVal species="ABCO">0.01</mo_smrVal><mo_smrVal species="ABMA">0.01</mo_smrVal><mo_smrVal species="CADE">0.01</mo_smrVal><mo_smrVal species="PICO">0.01</mo_smrVal><mo_smrVal species="PIJE">0.01</mo_smrVal><mo_smrVal species="PILA">0.01</mo_smrVal><mo_smrVal species="PIMO">0.01</mo_smrVal><mo_smrVal species="PIPO">0.01</mo_smrVal><mo_smrVal species="PSME">0.01</mo_smrVal></mo_stochasticMortRate></StochasticMortality5><RemoveDead6></RemoveDead6><NonGapDisperse7><di_seedDistributionMethod>0</di_seedDistributionMethod><di_standardDeviation><di_sdVal species="ABCO">0.0</di_sdVal><di_sdVal species="ABMA">0.0</di_sdVal><di_sdVal species="CADE">0.0</di_sdVal><di_sdVal species="PICO">0.0</di_sdVal><di_sdVal species="PIJE">0.0</di_sdVal><di_sdVal species="PILA">0.0</di_sdVal><di_sdVal species="PIMO">0.0</di_sdVal><di_sdVal species="PIPO">0.0</di_sdVal><di_sdVal species="PSME">0.0</di_sdVal></di_standardDeviation><di_clumpingParameter><di_cpVal species="ABCO">0.0</di_cpVal><di_cpVal species="ABMA">0.0</di_cpVal><di_cpVal species="CADE">0.0</di_cpVal><di_cpVal species="PICO">0.0</di_cpVal><di_cpVal species="PIJE">0.0</di_cpVal><di_cpVal species="PILA">0.0</di_cpVal><di_cpVal species="PIMO">0.0</di_cpVal><di_cpVal species="PIPO">0.0</di_cpVal><di_cpVal species="PSME">0.0</di_cpVal></di_clumpingParameter><di_minDbhForReproduction><di_mdfrVal species="ABCO">12.0</di_mdfrVal><di_mdfrVal species="ABMA">16.0</di_mdfrVal><di_mdfrVal species="CADE">5.0</di_mdfrVal><di_mdfrVal species="PICO">5.0</di_mdfrVal><di_mdfrVal species="PIJE">5.0</di_mdfrVal><di_mdfrVal species="PILA">22.0</di_mdfrVal><di_mdfrVal species="PIMO">5.0</di_mdfrVal><di_mdfrVal species="PIPO">15.0</di_mdfrVal><di_mdfrVal species="PSME">9.0</di_mdfrVal></di_minDbhForReproduction><di_canopyFunction><di_cfVal species="ABCO">0</di_cfVal><di_cfVal species="ABMA">0</di_cfVal><di_cfVal species="CADE">0</di_cfVal><di_cfVal species="PICO">0</di_cfVal><di_cfVal species="PIJE">0</di_cfVal><di_cfVal species="PILA">0</di_cfVal><di_cfVal species="PIMO">0</di_cfVal><di_cfVal species="PIPO">0</di_cfVal><di_cfVal species="PSME">0</di_cfVal></di_canopyFunction><di_weibullCanopySTR><di_wcsVal species="ABCO">0.089999996</di_wcsVal><di_wcsVal species="ABMA">0.089999996</di_wcsVal><di_wcsVal species="CADE">0.089999996</di_wcsVal><di_wcsVal species="PICO">0.089999996</di_wcsVal><di_wcsVal species="PIJE">0.089999996</di_wcsVal><di_wcsVal species="PILA">0.089999996</di_wcsVal><di_wcsVal species="PIMO">0.089999996</di_wcsVal><di_wcsVal species="PIPO">0.089999996</di_wcsVal><di_wcsVal species="PSME">0.089999996</di_wcsVal></di_weibullCanopySTR><di_weibullCanopyBeta><di_wcbVal species="ABCO">2.0</di_wcbVal><di_wcbVal species="ABMA">2.0</di_wcbVal><di_wcbVal species="CADE">2.0</di_wcbVal><di_wcbVal species="PICO">2.0</di_wcbVal><di_wcbVal species="PIJE">2.0</di_wcbVal><di_wcbVal species="PILA">2.0</di_wcbVal><di_wcbVal species="PIMO">2.0</di_wcbVal><di_wcbVal species="PIPO">2.0</di_wcbVal><di_wcbVal species="PSME">2.0</di_wcbVal></di_weibullCanopyBeta><di_weibullCanopyTheta><di_wctVal species="ABCO">3.0</di_wctVal><di_wctVal species="ABMA">3.0</di_wctVal><di_wctVal species="CADE">3.0</di_wctVal><di_wctVal species="PICO">3.0</di_wctVal><di_wctVal species="PIJE">3.0</di_wctVal><di_wctVal species="PILA">3.0</di_wctVal><di_wctVal species="PIMO">3.0</di_wctVal><di_wctVal species="PIPO">3.0</di_wctVal><di_wctVal species="PSME">3.0</di_wctVal></di_weibullCanopyTheta><di_weibullCanopyDispersal><di_wcdVal species="ABCO">0.00146</di_wcdVal><di_wcdVal species="ABMA">0.00146</di_wcdVal><di_wcdVal species="CADE">0.00146</di_wcdVal><di_wcdVal species="PICO">0.00146</di_wcdVal><di_wcdVal species="PIJE">0.00146</di_wcdVal><di_wcdVal species="PILA">0.00146</di_wcdVal><di_wcdVal species="PIMO">0.00146</di_wcdVal><di_wcdVal species="PIPO">0.00146</di_wcdVal><di_wcdVal species="PSME">0.00146</di_wcdVal></di_weibullCanopyDispersal><di_lognormalCanopySTR><di_lcsVal species="ABCO">0.0</di_lcsVal><di_lcsVal species="ABMA">0.0</di_lcsVal><di_lcsVal species="CADE">0.0</di_lcsVal><di_lcsVal species="PICO">0.0</di_lcsVal><di_lcsVal species="PIJE">0.0</di_lcsVal><di_lcsVal species="PILA">0.0</di_lcsVal><di_lcsVal species="PIMO">0.0</di_lcsVal><di_lcsVal species="PIPO">0.0</di_lcsVal><di_lcsVal species="PSME">0.0</di_lcsVal></di_lognormalCanopySTR><di_lognormalCanopyBeta><di_lcbVal species="ABCO">0.0</di_lcbVal><di_lcbVal species="ABMA">0.0</di_lcbVal><di_lcbVal species="CADE">0.0</di_lcbVal><di_lcbVal species="PICO">0.0</di_lcbVal><di_lcbVal species="PIJE">0.0</di_lcbVal><di_lcbVal species="PILA">0.0</di_lcbVal><di_lcbVal species="PIMO">0.0</di_lcbVal><di_lcbVal species="PIPO">0.0</di_lcbVal><di_lcbVal species="PSME">0.0</di_lcbVal></di_lognormalCanopyBeta><di_lognormalCanopyXb><di_lcxbVal species="ABCO">0.0</di_lcxbVal><di_lcxbVal species="ABMA">0.0</di_lcxbVal><di_lcxbVal species="CADE">0.0</di_lcxbVal><di_lcxbVal species="PICO">0.0</di_lcxbVal><di_lcxbVal species="PIJE">0.0</di_lcxbVal><di_lcxbVal species="PILA">0.0</di_lcxbVal><di_lcxbVal species="PIMO">0.0</di_lcxbVal><di_lcxbVal species="PIPO">0.0</di_lcxbVal><di_lcxbVal species="PSME">0.0</di_lcxbVal></di_lognormalCanopyXb><di_lognormalCanopyX0><di_lcx0Val species="ABCO">0.0</di_lcx0Val><di_lcx0Val species="ABMA">0.0</di_lcx0Val><di_lcx0Val species="CADE">0.0</di_lcx0Val><di_lcx0Val species="PICO">0.0</di_lcx0Val><di_lcx0Val species="PIJE">0.0</di_lcx0Val><di_lcx0Val species="PILA">0.0</di_lcx0Val><di_lcx0Val species="PIMO">0.0</di_lcx0Val><di_lcx0Val species="PIPO">0.0</di_lcx0Val><di_lcx0Val species="PSME">0.0</di_lcx0Val></di_lognormalCanopyX0><di_suckerSTR><di_ssVal species="ABCO">0.0</di_ssVal><di_ssVal species="ABMA">0.0</di_ssVal><di_ssVal species="CADE">0.0</di_ssVal><di_ssVal species="PICO">0.0</di_ssVal><di_ssVal species="PIJE">0.0</di_ssVal><di_ssVal species="PILA">0.0</di_ssVal><di_ssVal species="PIMO">0.0</di_ssVal><di_ssVal species="PIPO">0.0</di_ssVal><di_ssVal species="PSME">0.0</di_ssVal></di_suckerSTR><di_suckerBeta><di_sbVal species="ABCO">0.0</di_sbVal><di_sbVal species="ABMA">0.0</di_sbVal><di_sbVal species="CADE">0.0</di_sbVal><di_sbVal species="PICO">0.0</di_sbVal><di_sbVal species="PIJE">0.0</di_sbVal><di_sbVal species="PILA">0.0</di_sbVal><di_sbVal species="PIMO">0.0</di_sbVal><di_sbVal species="PIPO">0.0</di_sbVal><di_sbVal species="PSME">0.0</di_sbVal></di_suckerBeta></NonGapDisperse7><Establishment8></Establishment8></paramFile>