<?xml version="1.0" encoding="UTF-8"?><batchFile fileCode="06010401"><ba_parFile><ba_fileName>C:\Users\Moran Lab\Documents\GitHub\SortieRuns\XMLs\092315-runs\092315-BBBPIPO.xml</ba_fileName><ba_numTimesToRun>10</ba_numTimesToRun></ba_parFile><ba_parFile><ba_fileName>C:\Users\Moran Lab\Documents\GitHub\SortieRuns\XMLs\092315-runs\092315-EMRIDGE.xml</ba_fileName><ba_numTimesToRun>10</ba_numTimesToRun></ba_parFile><ba_parFile><ba_fileName>C:\Users\Moran Lab\Documents\GitHub\SortieRuns\XMLs\092315-runs\092315-FRPIJE.xml</ba_fileName><ba_numTimesToRun>10</ba_numTimesToRun></ba_parFile><ba_parFile><ba_fileName>C:\Users\Moran Lab\Documents\GitHub\SortieRuns\XMLs\092315-runs\092315-PGABMA.xml</ba_fileName><ba_numTimesToRun>10</ba_numTimesToRun></ba_parFile><ba_parFile><ba_fileName>C:\Users\Moran Lab\Documents\GitHub\SortieRuns\XMLs\092315-runs\092315-POFLABMA.xml</ba_fileName><ba_numTimesToRun>10</ba_numTimesToRun></ba_parFile><ba_parFile><ba_fileName>C:\Users\Moran Lab\Documents\GitHub\SortieRuns\XMLs\092315-runs\092315-SFTRABMA.xml</ba_fileName><ba_numTimesToRun>10</ba_numTimesToRun></ba_parFile><ba_parFile><ba_fileName>C:\Users\Moran Lab\Documents\GitHub\SortieRuns\XMLs\092315-runs\092315-SUPILA.xml</ba_fileName><ba_numTimesToRun>10</ba_numTimesToRun></ba_parFile></batchFile>