<?xml version="1.0" encoding="UTF-8"?><batchFile fileCode="06010401"><ba_parFile><ba_fileName>C:\Users\SamDavis\Documents\GitHub\SortieRuns\XMLs\081715b-BBBPIPO.xml</ba_fileName><ba_numTimesToRun>10</ba_numTimesToRun></ba_parFile><ba_parFile><ba_fileName>C:\Users\SamDavis\Documents\GitHub\SortieRuns\XMLs\081715b-EMRIDGE.xml</ba_fileName><ba_numTimesToRun>10</ba_numTimesToRun></ba_parFile><ba_parFile><ba_fileName>C:\Users\SamDavis\Documents\GitHub\SortieRuns\XMLs\081715b-FRPIJE.xml</ba_fileName><ba_numTimesToRun>10</ba_numTimesToRun></ba_parFile><ba_parFile><ba_fileName>C:\Users\SamDavis\Documents\GitHub\SortieRuns\XMLs\081715b-PGABMA.xml</ba_fileName><ba_numTimesToRun>10</ba_numTimesToRun></ba_parFile><ba_parFile><ba_fileName>C:\Users\SamDavis\Documents\GitHub\SortieRuns\XMLs\081715b-POFLABMA.xml</ba_fileName><ba_numTimesToRun>10</ba_numTimesToRun></ba_parFile><ba_parFile><ba_fileName>C:\Users\SamDavis\Documents\GitHub\SortieRuns\XMLs\081715b-SFTRABMA.xml</ba_fileName><ba_numTimesToRun>10</ba_numTimesToRun></ba_parFile><ba_parFile><ba_fileName>C:\Users\SamDavis\Documents\GitHub\SortieRuns\XMLs\081715b-SUPILA.xml</ba_fileName><ba_numTimesToRun>10</ba_numTimesToRun></ba_parFile><ba_parFile><ba_fileName>C:\Users\SamDavis\Documents\GitHub\SortieRuns\XMLs\081715a-SUPILA.xml</ba_fileName><ba_numTimesToRun>10</ba_numTimesToRun></ba_parFile><ba_parFile><ba_fileName>C:\Users\SamDavis\Documents\GitHub\SortieRuns\XMLs\081715a-SFTRABMA.xml</ba_fileName><ba_numTimesToRun>10</ba_numTimesToRun></ba_parFile><ba_parFile><ba_fileName>C:\Users\SamDavis\Documents\GitHub\SortieRuns\XMLs\081715a-POFLABMA.xml</ba_fileName><ba_numTimesToRun>10</ba_numTimesToRun></ba_parFile><ba_parFile><ba_fileName>C:\Users\SamDavis\Documents\GitHub\SortieRuns\XMLs\081715a-PGABMA.xml</ba_fileName><ba_numTimesToRun>10</ba_numTimesToRun></ba_parFile><ba_parFile><ba_fileName>C:\Users\SamDavis\Documents\GitHub\SortieRuns\XMLs\081715a-FRPIJE.xml</ba_fileName><ba_numTimesToRun>10</ba_numTimesToRun></ba_parFile><ba_parFile><ba_fileName>C:\Users\SamDavis\Documents\GitHub\SortieRuns\XMLs\081715a-EMRIDGE.xml</ba_fileName><ba_numTimesToRun>10</ba_numTimesToRun></ba_parFile><ba_parFile><ba_fileName>C:\Users\SamDavis\Documents\GitHub\SortieRuns\XMLs\081715a-BBBPIPO.xml</ba_fileName><ba_numTimesToRun>10</ba_numTimesToRun></ba_parFile><ba_parFile><ba_fileName>C:\Users\SamDavis\Documents\GitHub\SortieRuns\XMLs\081715-BBBPIPO.xml</ba_fileName><ba_numTimesToRun>10</ba_numTimesToRun></ba_parFile><ba_parFile><ba_fileName>C:\Users\SamDavis\Documents\GitHub\SortieRuns\XMLs\081715-EMRIDGE.xml</ba_fileName><ba_numTimesToRun>10</ba_numTimesToRun></ba_parFile><ba_parFile><ba_fileName>C:\Users\SamDavis\Documents\GitHub\SortieRuns\XMLs\081715-FRPIJE.xml</ba_fileName><ba_numTimesToRun>10</ba_numTimesToRun></ba_parFile><ba_parFile><ba_fileName>C:\Users\SamDavis\Documents\GitHub\SortieRuns\XMLs\081715-PGABMA.xml</ba_fileName><ba_numTimesToRun>10</ba_numTimesToRun></ba_parFile><ba_parFile><ba_fileName>C:\Users\SamDavis\Documents\GitHub\SortieRuns\XMLs\081715-POFLABMA.xml</ba_fileName><ba_numTimesToRun>10</ba_numTimesToRun></ba_parFile><ba_parFile><ba_fileName>C:\Users\SamDavis\Documents\GitHub\SortieRuns\XMLs\081715-SFTRABMA.xml</ba_fileName><ba_numTimesToRun>10</ba_numTimesToRun></ba_parFile><ba_parFile><ba_fileName>C:\Users\SamDavis\Documents\GitHub\SortieRuns\XMLs\081715-SUPILA.xml</ba_fileName><ba_numTimesToRun>10</ba_numTimesToRun></ba_parFile></batchFile>