<?xml version="1.0" encoding="UTF-8"?><batchFile fileCode="06010401"><ba_parFile><ba_fileName>C:\Users\SamDavis\Documents\GitHub\SortieRuns\XMLs\081315-BBBPIPO.xml</ba_fileName><ba_numTimesToRun>30</ba_numTimesToRun></ba_parFile><ba_parFile><ba_fileName>C:\Users\SamDavis\Documents\GitHub\SortieRuns\XMLs\081315-FRPIJE.xml</ba_fileName><ba_numTimesToRun>30</ba_numTimesToRun></ba_parFile><ba_parFile><ba_fileName>C:\Users\SamDavis\Documents\GitHub\SortieRuns\XMLs\081315-EMRIDGE.xml</ba_fileName><ba_numTimesToRun>30</ba_numTimesToRun></ba_parFile><ba_parFile><ba_fileName>C:\Users\SamDavis\Documents\GitHub\SortieRuns\XMLs\081315-SUPILA.xml</ba_fileName><ba_numTimesToRun>30</ba_numTimesToRun></ba_parFile><ba_parFile><ba_fileName>C:\Users\SamDavis\Documents\GitHub\SortieRuns\XMLs\081315-POFLABMA.xml</ba_fileName><ba_numTimesToRun>30</ba_numTimesToRun></ba_parFile><ba_parFile><ba_fileName>C:\Users\SamDavis\Documents\GitHub\SortieRuns\XMLs\081315-PGABMA.xml</ba_fileName><ba_numTimesToRun>30</ba_numTimesToRun></ba_parFile><ba_parFile><ba_fileName>C:\Users\SamDavis\Documents\GitHub\SortieRuns\XMLs\081315-SFTRABMA.xml</ba_fileName><ba_numTimesToRun>30</ba_numTimesToRun></ba_parFile></batchFile>