<?xml version="1.0" encoding="UTF-8"?><batchFile fileCode="06010401"><ba_parFile><ba_fileName>C:\Users\SamDavis\Documents\GitHub\SortieRuns\XMLs\093015-runs\093015-BBBPIPO-Fin.xml</ba_fileName><ba_numTimesToRun>15</ba_numTimesToRun></ba_parFile><ba_parFile><ba_fileName>C:\Users\SamDavis\Documents\GitHub\SortieRuns\XMLs\093015-runs\093015-EMRIDGE-Fin.xml</ba_fileName><ba_numTimesToRun>15</ba_numTimesToRun></ba_parFile><ba_parFile><ba_fileName>C:\Users\SamDavis\Documents\GitHub\SortieRuns\XMLs\093015-runs\093015-FRPIJE-Fin.xml</ba_fileName><ba_numTimesToRun>15</ba_numTimesToRun></ba_parFile><ba_parFile><ba_fileName>C:\Users\SamDavis\Documents\GitHub\SortieRuns\XMLs\093015-runs\093015-PGABMA-Fin.xml</ba_fileName><ba_numTimesToRun>15</ba_numTimesToRun></ba_parFile><ba_parFile><ba_fileName>C:\Users\SamDavis\Documents\GitHub\SortieRuns\XMLs\093015-runs\093015-POFLABMA-Fin.xml</ba_fileName><ba_numTimesToRun>15</ba_numTimesToRun></ba_parFile><ba_parFile><ba_fileName>C:\Users\SamDavis\Documents\GitHub\SortieRuns\XMLs\093015-runs\093015-SFTRABMA-Fin.xml</ba_fileName><ba_numTimesToRun>15</ba_numTimesToRun></ba_parFile><ba_parFile><ba_fileName>C:\Users\SamDavis\Documents\GitHub\SortieRuns\XMLs\093015-runs\093015-SUPILA-Fin.xml</ba_fileName><ba_numTimesToRun>15</ba_numTimesToRun></ba_parFile></batchFile>